senal,tiempoInicial_s,tiempoFinal_s,muestras,cubreParada,constanteTiempoInfinito
grupo4_Inport_42,0,180,9001,1,0
grupo8_Inport_08,0,180,9001,1,0
grupo8_Inport_09,0,180,9001,1,0
grupo8_Inport_10,0,180,9001,1,0
grupo8_Inport_11,0,180,9001,1,0
grupo1_Outport_01,0,180,9001,1,0
grupo1_Outport_02,0,180,9001,1,0
grupo1_Outport_03,0,180,9001,1,0
grupo1_Outport_04,0,180,9001,1,0
grupo1_Outport_05,0,180,9001,1,0
grupo1_Outport_06,0,180,9001,1,0
grupo1_Outport_07,0,180,9001,1,0
grupo1_Outport_08,0,180,9001,1,0
grupo1_Outport_09,0,180,9001,1,0
grupo1_Outport_10,0,180,9001,1,0
grupo1_Outport_11,0,180,9001,1,0
grupo1_Outport_12,0,180,9001,1,0
grupo1_Outport_13,0,180,9001,1,0
grupo1_Outport_14,0,180,9001,1,0
grupo1_Outport_15,0,180,9001,1,0
grupo1_Outport_16,0,180,9001,1,0
grupo1_Outport_17,0,180,9001,1,0
grupo1_Outport_18,0,180,9001,1,0
grupo1_Outport_19,0,180,9001,1,0
grupo1_Outport_20,0,180,9001,1,0
grupo1_Outport_21,0,180,9001,1,0
grupo1_Outport_22,0,180,9001,1,0
grupo1_Outport_23,0,180,9001,1,0
grupo1_Outport_24,0,180,9001,1,0
grupo1_Outport_25,0,180,9001,1,0
grupo1_Outport_26,0,180,9001,1,0
grupo1_Outport_27,0,180,9001,1,0
grupo1_Outport_28,0,180,9001,1,0
grupo1_Outport_29,0,180,9001,1,0
grupo1_Outport_30,0,180,9001,1,0
grupo1_Outport_31,0,180,9001,1,0
grupo1_Outport_32,0,180,9001,1,0
grupo1_Outport_33,0,180,9001,1,0
grupo1_Outport_34,0,180,9001,1,0
grupo1_Outport_35,0,180,9001,1,0
grupo1_Outport_36,0,180,9001,1,0
grupo1_Outport_37,0,180,9001,1,0
grupo1_Outport_38,0,180,9001,1,0
grupo1_Outport_39,0,180,9001,1,0
grupo1_Outport_40,0,180,9001,1,0
grupo1_Outport_41,0,180,9001,1,0
grupo1_Outport_42,0,180,9001,1,0
grupo1_Outport_43,0,180,9001,1,0
grupo1_Outport_44,0,180,9001,1,0
grupo1_Inport_34,0,180,4501,1,0
grupo1_Inport_35,0,180,556097,1,0
grupo1_Inport_36,0,180,556097,1,0
grupo1_Inport_37,0,180,556097,1,0
grupo1_Inport_38,0,180,556097,1,0
grupo1_Inport_39,0,0,1,0,1
grupo1_Inport_40,0,180,4501,1,0
grupo1_Inport_41,0,180,556097,1,0
grupo1_Inport_25,0,180,4501,1,0
grupo1_Inport_04,0,180,4501,1,0
grupo1_Inport_05,0,180,4501,1,0
grupo1_Inport_01,0,180,4501,1,0
grupo1_Inport_02,0,180,4501,1,0
grupo1_Inport_07,0,0,1,0,1
grupo1_Inport_09,0,180,180001,1,0
grupo1_Inport_27,0,0,1,0,1
grupo1_Inport_30,0,180,4501,1,0
grupo1_Inport_17,0,180,4501,1,0
grupo1_Inport_16,0,180,4501,1,0
grupo1_Inport_31,0,180,556097,1,0
grupo1_Inport_32,0,180,556097,1,0
grupo1_Inport_26,0,0,1,0,1
grupo1_Inport_03,0,180,4501,1,0
grupo1_Inport_12,0,180,556097,1,0
grupo1_Inport_11,0,180,556097,1,0
grupo1_Inport_19,0,180,180001,1,0
grupo1_Inport_22,0,180,556097,1,0
grupo1_Inport_13,0,180,9001,1,0
grupo1_Inport_15,0,180,9001,1,0
grupo1_Inport_14,0,180,9001,1,0
grupo1_Inport_33,0,0,1,0,1
grupo1_Inport_28,0,180,556097,1,0
grupo1_Inport_29,0,180,556097,1,0
grupo1_Inport_06,0,0,1,0,1
grupo1_Inport_24,0,180,9001,1,0
grupo1_Inport_23,0,180,9001,1,0
grupo1_Inport_08,0,180,4501,1,0
grupo1_Inport_10,0,180,9001,1,0
grupo1_Inport_21,0,180,556097,1,0
grupo1_Inport_18,0,180,180001,1,0
grupo1_Inport_20,0,180,556097,1,0
mc_encoder_omegaT,0,180,180001,1,0
mc_encoder_vT,0,180,180001,1,0
mc_encoder_x,0,180,180001,1,0
mc_observer_qT,0,180,180001,1,0
longitud_cable_estimada,0,180,180001,1,0
mc_encoder_lengthRate,0,180,180001,1,0
mc_encoder_omegaH,0,180,180001,1,0
mc_observer_qH,0,180,180001,1,0
yc_xl,0,180,556097,1,0
grupo3_Inport_01,0,180,9001,1,0
grupo2_Inport_04,0,180,556097,1,0
grupo2_Inport_06,0,180,556097,1,0
grupo2_Inport_07,0,180,556097,1,0
grupo2_Inport_01,0,180,556097,1,0
grupo2_Inport_02,0,180,556097,1,0
grupo2_Inport_03,0,180,556097,1,0
grupo2_Inport_05,0,180,556097,1,0
grupo3_Inport_04,0,180,556097,1,0
grupo4_Inport_10,0,180,4501,1,0
grupo4_Inport_11,0,180,4501,1,0
grupo4_Inport_12,0,180,4501,1,0
grupo4_Inport_13,0,180,4501,1,0
grupo4_Inport_14,0,180,4501,1,0
grupo4_Inport_15,0,180,4501,1,0
grupo4_Inport_16,0,180,4501,1,0
grupo4_Inport_17,0,180,4501,1,0
grupo4_Inport_18,0,180,4501,1,0
grupo4_Inport_19,0,180,4501,1,0
grupo4_Inport_20,0,180,4501,1,0
grupo4_Inport_21,0,180,4501,1,0
grupo4_Inport_22,0,180,4501,1,0
grupo4_Inport_23,0,180,4501,1,0
grupo4_Inport_24,0,180,4501,1,0
grupo4_Inport_25,0,180,4501,1,0
grupo4_Inport_26,0,180,4501,1,0
grupo4_Inport_27,0,180,4501,1,0
grupo4_Inport_28,0,180,4501,1,0
grupo4_Inport_29,0,180,4501,1,0
grupo4_Inport_30,0,180,4501,1,0
grupo4_Inport_31,0,180,4501,1,0
grupo4_Inport_32,0,180,4501,1,0
grupo4_Inport_33,0,180,4501,1,0
grupo4_Inport_34,0,180,4501,1,0
grupo4_Inport_35,0,180,4501,1,0
grupo4_Inport_36,0,180,4501,1,0
grupo4_Inport_37,0,180,4501,1,0
grupo4_Inport_38,0,180,4501,1,0
grupo4_Inport_39,0,180,4501,1,0
grupo4_Inport_40,0,180,4501,1,0
grupo4_Inport_41,0,180,4501,1,0
grupo5_Inport_01,0,180,180001,1,0
grupo5_Inport_02,0,180,180001,1,0
grupo3_Inport_06,0,180,180001,1,0
grupo3_Inport_05,0,180,180001,1,0
grupo5_Inport_07,0,180,556097,1,0
grupo6_Inport_01,0,180,556097,1,0
grupo5_Inport_04,0,180,9001,1,0
grupo5_Inport_05,0,180,9001,1,0
diag_brake_effective,0,180,9001,1,0
grupo6_Inport_02,0,180,556097,1,0
grupo2_Inport_08,0,180,540001,1,0
grupo5_Inport_06,0,180,540001,1,0
grupo4_Inport_01,0,180,4501,1,0
grupo4_Inport_02,0,180,4501,1,0
grupo4_Inport_03,0,180,4501,1,0
grupo4_Inport_04,0,180,4501,1,0
grupo4_Inport_05,0,180,4501,1,0
grupo4_Inport_06,0,180,4501,1,0
grupo4_Inport_07,0,180,4501,1,0
grupo4_Inport_08,0,180,4501,1,0
grupo4_Inport_09,0,180,4501,1,0
diag_xref_input,0,180,180001,1,0
diag_vref_input,0,180,180001,1,0
diag_aref_input,0,180,180001,1,0
grupo8_Inport_01,0,180,180001,1,0
grupo3_Inport_02,0,180,556097,1,0
grupo3_Inport_03,0,180,556097,1,0
grupo7_Inport_01.force,0,180,180001,1,0
grupo7_Inport_01.motorAngleT,0,180,180001,1,0
grupo7_Inport_01.motorAngleH,0,180,180001,1,0
grupo7_Inport_01.theta,0,180,180001,1,0
grupo7_Inport_02.xRef,0,180,180001,1,0
grupo7_Inport_02.vRef,0,180,180001,1,0
grupo7_Inport_02.aRef,0,180,180001,1,0
grupo7_Inport_02.hoistVelocityRef,0,180,180001,1,0
grupo7_Inport_02.hoistAccelerationRef,0,180,180001,1,0
grupo7_Inport_02.swTransfer,0,180,180001,1,0
grupo7_Inport_03.brakeOpen,0,180,180001,1,0
grupo7_Inport_03.E,0,180,180001,1,0
grupo7_Inport_04.deltaTorqueDelayed,0,180,180001,1,0
v_ref,0,180,180001,1,0
grupo6_Outport_01,0,180,180001,1,0
aw_delta_torque_memoria,0,180,180001,1,0
grupo7_Outport_01,0,180,180001,1,0
grupo7_Outport_02,0,180,180001,1,0
grupo7_Outport_03,0,180,180001,1,0
grupo7_Outport_04.x,0,180,180001,1,0
grupo7_Outport_04.omegaDrum,0,180,180001,1,0
grupo7_Outport_04.velocity,0,180,180001,1,0
grupo7_Outport_04.observerAngle,0,180,180001,1,0
grupo7_Outport_05.length,0,180,180001,1,0
grupo7_Outport_05.lengthRate,0,180,180001,1,0
grupo7_Outport_05.omegaDrum,0,180,180001,1,0
grupo7_Outport_05.observerAngle,0,180,180001,1,0
grupo7_Outport_06.diag_torque_unsat,0,180,180001,1,0
grupo7_Outport_06.diag_vcmd,0,180,180001,1,0
grupo7_Outport_06.diag_vcmd_applied,0,180,180001,1,0
grupo7_Outport_06.diag_vobs,0,180,180001,1,0
grupo7_Outport_06.diag_integral,0,180,180001,1,0
grupo7_Outport_06.diag_p,0,180,180001,1,0
grupo7_Outport_06.diag_i,0,180,180001,1,0
grupo7_Outport_06.diag_acmd,0,180,180001,1,0
grupo7_Outport_06.diag_acmd_applied,0,180,180001,1,0
grupo7_Outport_06.diag_ev,0,180,180001,1,0
grupo7_Outport_06.aw_delta_a_limite,0,180,180001,1,0
grupo7_Outport_06.aw_delta_a_limite_memoria,0,180,180001,1,0
grupo7_Outport_06.aw_delta_a_torque,0,180,180001,1,0
grupo7_Outport_06.aw_delta_a_total,0,180,180001,1,0
grupo7_Outport_06.aw_correccion_integrador,0,180,180001,1,0
grupo7_Outport_06.mc_integrator_input,0,180,180001,1,0
grupo7_Outport_06.antisway_correccion_aplicada,0,180,180001,1,0
grupo7_Outport_06.sw_feedback_comun,0,180,180001,1,0
grupo7_Outport_06.sw_anticipacion_comun,0,180,180001,1,0
grupo7_Outport_06.sw_habilitacion_comun,0,180,180001,1,0
grupo7_Outport_06.diag_sw_unsat,0,180,180001,1,0
grupo7_Outport_06.diag_sw_gain,0,180,180001,1,0
grupo7_Outport_06.angulo_referencia,0,180,180001,1,0
grupo7_Outport_06.diag_aff,0,180,180001,1,0
grupo7_Outport_06.diag_xref_input,0,180,180001,1,0
grupo7_Outport_06.diag_vref_input,0,180,180001,1,0
grupo7_Outport_06.diag_aref_input,0,180,180001,1,0
grupo7_Outport_06.diag_xencoder,0,180,180001,1,0
grupo7_Outport_06.diag_omega_observer,0,180,180001,1,0
grupo7_Outport_06.diag_theta_medida,0,180,180001,1,0
grupo7_Outport_06.diag_theta_eff,0,180,180001,1,0
grupo7_Outport_06.diag_brake_supervisor,0,180,180001,1,0
grupo7_Outport_06.ensayo_vcmd_sum,0,180,180001,1,0
grupo7_Outport_06.ensayo_sw_limitada,0,180,180001,1,0
grupo7_Outport_07.torque_izaje_consigna_controlador,0,180,180001,1,0
grupo7_Outport_07.mc_hoist_velocity_error,0,180,180001,1,0
grupo7_Outport_07.mc_hoist_integral1,0,180,180001,1,0
grupo7_Outport_07.mc_hoist_integral2,0,180,180001,1,0
grupo7_Outport_07.mc_hoist_P,0,180,180001,1,0
grupo7_Outport_07.mc_hoist_D,0,180,180001,1,0
grupo7_Outport_07.mc_hoist_I,0,180,180001,1,0
grupo7_Outport_07.mc_hoist_FF,0,180,180001,1,0
angulo_referencia,0,180,180001,1,0
antisway_calculada,0,180,180001,1,0
antisway_limitada,0,180,180001,1,0
mc_antisway_correccion_aplicada,0,180,180001,1,0
mc_aw_correccion_integrador,0,180,180001,1,0
mc_aw_delta_a_limite,0,180,180001,1,0
mc_aw_delta_a_limite_memoria,0,180,180001,1,0
mc_aw_delta_a_torque,0,180,180001,1,0
mc_aw_delta_a_total,0,180,180001,1,0
mc_diag_acmd,0,180,180001,1,0
mc_diag_acmd_applied,0,180,180001,1,0
mc_diag_aff,0,180,180001,1,0
mc_diag_aref_input,0,180,180001,1,0
mc_diag_brake_supervisor,0,180,180001,1,0
mc_diag_ev,0,180,180001,1,0
mc_diag_i,0,180,180001,1,0
mc_diag_integral,0,180,180001,1,0
mc_diag_omega_observer,0,180,180001,1,0
mc_diag_p,0,180,180001,1,0
mc_diag_sw_gain,0,180,180001,1,0
mc_diag_theta_eff,0,180,180001,1,0
mc_diag_theta_medida,0,180,180001,1,0
mc_diag_torque_unsat,0,180,180001,1,0
mc_diag_vcmd,0,180,180001,1,0
mc_diag_vcmd_applied,0,180,180001,1,0
mc_diag_vobs,0,180,180001,1,0
mc_diag_vref_input,0,180,180001,1,0
mc_diag_xencoder,0,180,180001,1,0
mc_diag_xref_input,0,180,180001,1,0
mc_mc_integrator_input,0,180,180001,1,0
mc_sw_anticipacion_comun,0,180,180001,1,0
mc_sw_feedback_comun,0,180,180001,1,0
mc_sw_habilitacion_comun,0,180,180001,1,0
v_cmd,0,180,180001,1,0
mc_hoist_D,0,180,180001,1,0
mc_hoist_FF,0,180,180001,1,0
mc_hoist_I,0,180,180001,1,0
mc_hoist_P,0,180,180001,1,0
mc_hoist_integral1,0,180,180001,1,0
mc_hoist_integral2,0,180,180001,1,0
mc_hoist_velocity_error,0,180,180001,1,0
torque_izaje_consigna_controlador,0,180,180001,1,0
antisway_efectiva,0,180,180001,1,0
diagnosticos_carro.diag_torque_unsat,0,180,180001,1,0
diagnosticos_carro.diag_vcmd,0,180,180001,1,0
diagnosticos_carro.diag_vcmd_applied,0,180,180001,1,0
diagnosticos_carro.diag_vobs,0,180,180001,1,0
diagnosticos_carro.diag_integral,0,180,180001,1,0
diagnosticos_carro.diag_p,0,180,180001,1,0
diagnosticos_carro.diag_i,0,180,180001,1,0
diagnosticos_carro.diag_acmd,0,180,180001,1,0
diagnosticos_carro.diag_acmd_applied,0,180,180001,1,0
diagnosticos_carro.diag_ev,0,180,180001,1,0
diagnosticos_carro.aw_delta_a_limite,0,180,180001,1,0
diagnosticos_carro.aw_delta_a_limite_memoria,0,180,180001,1,0
diagnosticos_carro.aw_delta_a_torque,0,180,180001,1,0
diagnosticos_carro.aw_delta_a_total,0,180,180001,1,0
diagnosticos_carro.aw_correccion_integrador,0,180,180001,1,0
diagnosticos_carro.mc_integrator_input,0,180,180001,1,0
diagnosticos_carro.antisway_correccion_aplicada,0,180,180001,1,0
diagnosticos_carro.sw_feedback_comun,0,180,180001,1,0
diagnosticos_carro.sw_anticipacion_comun,0,180,180001,1,0
diagnosticos_carro.sw_habilitacion_comun,0,180,180001,1,0
diagnosticos_carro.diag_sw_unsat,0,180,180001,1,0
diagnosticos_carro.diag_sw_gain,0,180,180001,1,0
diagnosticos_carro.angulo_referencia,0,180,180001,1,0
diagnosticos_carro.diag_aff,0,180,180001,1,0
diagnosticos_carro.diag_xref_input,0,180,180001,1,0
diagnosticos_carro.diag_vref_input,0,180,180001,1,0
diagnosticos_carro.diag_aref_input,0,180,180001,1,0
diagnosticos_carro.diag_xencoder,0,180,180001,1,0
diagnosticos_carro.diag_omega_observer,0,180,180001,1,0
diagnosticos_carro.diag_theta_medida,0,180,180001,1,0
diagnosticos_carro.diag_theta_eff,0,180,180001,1,0
diagnosticos_carro.diag_brake_supervisor,0,180,180001,1,0
diagnosticos_carro.ensayo_vcmd_sum,0,180,180001,1,0
diagnosticos_carro.ensayo_sw_limitada,0,180,180001,1,0
torque_carro_consigna_controlador,0,180,180001,1,0
diagnosticos_izaje.torque_izaje_consigna_controlador,0,180,180001,1,0
diagnosticos_izaje.mc_hoist_velocity_error,0,180,180001,1,0
diagnosticos_izaje.mc_hoist_integral1,0,180,180001,1,0
diagnosticos_izaje.mc_hoist_integral2,0,180,180001,1,0
diagnosticos_izaje.mc_hoist_P,0,180,180001,1,0
diagnosticos_izaje.mc_hoist_D,0,180,180001,1,0
diagnosticos_izaje.mc_hoist_I,0,180,180001,1,0
diagnosticos_izaje.mc_hoist_FF,0,180,180001,1,0
torque_izaje_consigna_controlador,0,180,180001,1,0
grupo3_Outport_01,0,180,556097,1,0
grupo3_Outport_02,0,180,556097,1,0
grupo3_Outport_03,0,180,556097,1,0
grupo3_Outport_04,0,180,556097,1,0
angulo_fisico,0,180,556097,1,0
fuerza_contacto_fisica,0,180,556097,1,0
grupo5_Outport_01,0,180,556097,1,0
grupo5_Outport_02,0,180,556097,1,0
grupo5_Outport_06,0,180,556097,1,0
grupo5_Outport_07,0,180,556097,1,0
grupo5_Outport_08,0,180,556097,1,0
grupo5_Outport_10,0,180,556097,1,0
grupo5_Outport_11,0,180,556097,1,0
grupo5_Outport_12,0,180,180001,1,0
tension_fisica_cable,0,180,556097,1,0
velocidad_angular_fisica,0,180,556097,1,0
v_lx,0,180,556097,1,0
x_l,0,180,556097,1,0
x_t,0,180,556097,1,0
y_l,0,180,556097,1,0
sumFcx,0,180,556097,1,0
,0,180,556097,1,0
masa_fisica_suspendida,0,180,556097,1,0
v_izaje_fisica,0,180,556097,1,0
y_carga_fisica,0,180,556097,1,0
aceleracion_carga_x_fisica,0,180,556097,1,0
aceleracion_izaje_fisica,0,180,556097,1,0
planta_integrador_01_Outport,0,180,556097,1,0
planta_integrador_01_Inport,0,180,556097,1,0
planta_integrador_03_Outport,0,180,556097,1,0
velocidad_izaje_integrada,0,180,556097,1,0
v_t,0,180,556097,1,0
x_t_real,0,180,556097,1,0
v_carro_fisica,0,180,556097,1,0
x_carro_fisica,0,180,556097,1,0
aceleracion_carro_fisica,0,180,556097,1,0
planta_integrador_05_Outport,0,180,556097,1,0
diag_xtrolley,0,180,556097,1,0
v_td,0,180,556097,1,0
x_td,0,180,556097,1,0
planta_integrador_07_Inport,0,180,556097,1,0
diag_xdrum,0,180,556097,1,0
diag_vdrum,0,180,556097,1,0
planta_integrador_07_Outport,0,180,556097,1,0
planta_integrador_08_Outport,0,180,556097,1,0
diag_traction,0,180,556097,1,0
diag_brake_torque,0,180,556097,1,0
torque_carro_fisico_motor,0,180,556097,1,0
aw_delta_torque_Nm,0,180,180001,1,0
planta_integrador_09_Inport,0,180,556097,1,0
planta_integrador_09_Outport,0,180,556097,1,0
T_tmlim*,0,180,180001,1,0
diag_torque_drive_input,0,180,180001,1,0
l_h,0,180,556097,1,0
planta_integrador_10_Inport,0,180,556097,1,0
planta_integrador_10_Outport,0,180,556097,1,0
planta_integrador_11_Inport,0,180,556097,1,0
planta_integrador_11_Outport,0,180,556097,1,0
planta_integrador_12_Outport,0,180,556097,1,0
torque_izaje_fisico_motor,0,180,556097,1,0
T_hmMax,0,180,556097,1,0
planta_integrador_13_Inport,0,180,556097,1,0
planta_integrador_13_Outport,0,180,556097,1,0
Thm_sat,0,180,556097,1,0
F_hw_sens,0,180,556097,1,0
grupo2_Outport_01,0,180,556097,1,0
grupo2_Outport_02,0,180,556097,1,0
grupo2_Outport_04,0,180,556097,1,0
grupo2_Outport_05,0,180,556097,1,0
grupo2_Outport_06,0,180,556097,1,0
grupo2_Outport_07,0,180,556097,1,0
grupo2_Outport_08,0,180,556097,1,0
grupo2_Outport_09,0,180,556097,1,0
grupo2_Outport_10,0,180,556097,1,0
joy_vert,0,180,556097,1,0
joy_hor,0,180,556097,1,0
analog,0,180,540001,1,0
buttons,0,180,540001,1,0
grupo8_Inport_12,0,0,1,0,1
diag_joystick,0,180,4501,1,0
grupo4_Outport_01,0,180,4501,1,0
grupo4_Outport_02,0,180,4501,1,0
grupo4_Outport_03,0,180,4501,1,0
grupo4_Outport_04,0,180,4501,1,0
grupo4_Outport_05,0,180,4501,1,0
grupo4_Outport_06,0,180,4501,1,0
grupo4_Outport_07,0,180,4501,1,0
grupo4_Outport_08,0,180,4501,1,0
grupo4_Outport_09,0,180,4501,1,0
grupo4_Outport_10,0,180,4501,1,0
grupo4_Outport_11,0,180,4501,1,0
grupo4_Outport_12,0,180,4501,1,0
grupo4_Outport_13,0,180,4501,1,0
grupo4_Outport_15,0,180,4501,1,0
grupo8_Inport_04,0,180,180001,1,0
mon_aHoistMeasured,0,180,9001,1,0
mon_aTrolleyMeasured,0,180,9001,1,0
mon_automaticTargetY,0,180,9001,1,0
mon_axRef,0,180,9001,1,0
mon_ayRef,0,180,9001,1,0
mon_contact4,0,180,180001,1,0
mon_lidarX,0,180,556097,1,0
mon_lidarY,0,180,556097,1,0
mon_loadedPhysical,0,180,556097,1,0
mon_obstacleProfile,0,180,556097,1,0
mon_profileMaxY,0,180,9001,1,0
mon_profileScanComplete,0,180,9001,1,0
mon_profileValid,0,180,9001,1,0
mon_ropeTension,0,180,556097,1,0
mon_safetyEnvelopeProfile,0,180,9001,1,0
mon_scanActive,0,180,9001,1,0
mon_scannedObstacleProfile,0,180,9001,1,0
mon_swayEnable,0,180,9001,1,0
mon_theta,0,180,556097,1,0
mon_thetaRate,0,180,556097,1,0
mon_torqueProvenHoist,0,180,9001,1,0
mon_torqueProvenTrolley,0,180,9001,1,0
mon_trackingFault,0,180,9001,1,0
mon_twistlockCloseCmd,0,180,9001,1,0
mon_twistlocksClosed,0,180,9001,1,0
mon_vH,0,180,556097,1,0
mon_vxRef,0,180,9001,1,0
mon_vyRef,0,180,9001,1,0
mon_xRef,0,180,9001,1,0
mon_xT,0,180,556097,1,0
mon_yH,0,180,556097,1,0
mon_yRef,0,180,9001,1,0
n0_brakeHoistOpen,0,180,9001,1,0
n0_brakeTrolleyOpen,0,180,9001,1,0
n0_emergency,0,180,9001,1,0
n0_emergencyBrakeHoistOpen,0,180,9001,1,0
n0_permitGlobal,0,180,9001,1,0
n0_permitHoist,0,180,9001,1,0
n0_permitTrolley,0,180,9001,1,0
sup_alarmCode,0,180,9001,1,0
sup_faultCode,0,180,9001,1,0
sup_loadedState,0,180,9001,1,0
sup_modeCode,0,180,9001,1,0
sup_overloadDetected,0,180,9001,1,0
