criterio,valor_medido,umbral_maximo,resultado,motivo
Inicio slot 2,0,0.01,APROBADO,"Comprobacion numerica sobre las series guardadas"
Altura inicial 25 m,0,0.01,APROBADO,"Comprobacion numerica sobre las series guardadas"
Reposo inicial carro,0,0.001,APROBADO,"Comprobacion numerica sobre las series guardadas"
Reposo inicial izaje,0,0.001,APROBADO,"Comprobacion numerica sobre las series guardadas"
Perfil PLC coincide escena,0,1e-09,APROBADO,"Comprobacion numerica sobre las series guardadas"
Sin barrido,0,0,APROBADO,"Comprobacion numerica sobre las series guardadas"
Masa fisica contenedor tomado,0,1,APROBADO,"Comprobacion numerica sobre las series guardadas"
Entrada efectiva automatico,0,0,APROBADO,"Comprobacion numerica sobre las series guardadas"
Entrega confirmada operador,1,0,NO_APROBADO,"Comprobacion numerica sobre las series guardadas"
Fallas despues de START,0,0,APROBADO,"Comprobacion numerica sobre las series guardadas"
Emergencias despues de START,0,0,APROBADO,"Comprobacion numerica sobre las series guardadas"
Antisway efectiva cero,0,1e-10,APROBADO,"Comprobacion numerica sobre las series guardadas"
v_cmd igual v_ref en sumador,0,1e-10,APROBADO,"Comprobacion numerica sobre las series guardadas"
Perfil valido durante maniobra,0,0,APROBADO,"Validez de perfil leida del PLC"
Toma en modo manual,0,0,APROBADO,"Carga confirmada con modo 3"
Despegue y solicitud auto,0,0,APROBADO,"Etapa 6 tras elevacion y estabilizacion del operador"
Paso efectivo a manual destino,1,0,NO_APROBADO,"Etapa 8"
Apoyo final,1,0,NO_APROBADO,"Contacto antes de apertura twistlocks, etapa 9"
Masa entregada slot 22,1,0,NO_APROBADO,"Entrega requiere apertura, carga fisica ausente y parada confirmada"
Sin retorno vacio,0,0,APROBADO,"No etapas 10 a 13"
Slot 22 al finalizar traslado,0.0600803640177929,0.5,APROBADO,"Posicion fisica al fin"
Fin sin falla,0,0,APROBADO,"Ultima muestra dentro de simulacion"
Fin sin emergencia,0,0,APROBADO,"Ultima muestra dentro de simulacion"
Margen geometrico durante auto,2.62608344630577,0,APROBADO,"Umbral MINIMO 0 m. Aproximacion rectangular sin inclinacion; no sensor de colision"
Detector dedicado de colision,NaN,NaN,NO_DISPONIBLE,"Indicador del modelo NaN; no se declara ausencia certificada de colisiones"
Antisway cero en TODAS muestras nativas,0,1e-10,APROBADO,"Sin remuestreo"
v_cmd igual v_ref en TODAS muestras nativas,0,1e-10,APROBADO,"Vectores de tiempo nativos identicos"
Masa fisica final vacia,36863,1e-06,NO_APROBADO,"Medicion fisica de planta, ultima muestra nativa"
Retiro fisico slot 2,0,1e-09,APROBADO,"Perfil fisico de planta"
Entrega fisica slot 22,2.59,1e-09,NO_APROBADO,"Perfil fisico de planta, incremento de un contenedor"
Envolvente inicial coherente,0,1e-09,APROBADO,"Primera muestra del PLC frente a maximo de tres slots fisicos"
