caso,grafico,minimo_datos,maximo_datos,limite_inferior,limite_superior,zoom_vertical,muestras_fuera
S01,permisos,1,1,-0.1,1.15,0,0
S01,frenos,1,1,-0.1,1.15,0,0
S01,alarmas,0,0,-0.1,1.15,0,0
S01,mandos,0,1,-0.1,1.15,0,0
S02,permisos,1,1,-0.1,1.15,0,0
S02,frenos,1,1,-0.1,1.15,0,0
S02,alarmas,0,0,-0.1,1.15,0,0
S02,mandos,0,1,-0.1,1.15,0,0
S02,entrada_4,-30.499,0,-33.55,3.05,0,0
S02,entrada_4_umbral,-30.499,0,-30.503,-30.497,1,10
S03,permisos,0,1,-0.1,1.15,0,0
S03,frenos,0,1,-0.1,1.15,0,0
S03,alarmas,0,1,-0.1,1.15,0,0
S03,mandos,0,1,-0.1,1.15,0,0
S03,entrada_4,-30.5,0,-33.55,3.05,0,0
S03,entrada_4_umbral,-30.5,0,-30.503,-30.497,1,10
S04,permisos,0,1,-0.1,1.15,0,0
S04,frenos,0,1,-0.1,1.15,0,0
S04,alarmas,0,1,-0.1,1.15,0,0
S04,mandos,0,1,-0.1,1.15,0,0
S04,entrada_4,-30.501,0,-33.5511,3.0501,0,0
S04,entrada_4_umbral,-30.501,0,-30.503,-30.497,1,10
S05,permisos,0,1,-0.1,1.15,0,0
S05,frenos,0,1,-0.1,1.15,0,0
S05,alarmas,0,1,-0.1,1.15,0,0
S05,mandos,0,1,-0.1,1.15,0,0
S05,entrada_4,-30.51,0,-33.561,3.051,0,0
S06,permisos,1,1,-0.1,1.15,0,0
S06,frenos,1,1,-0.1,1.15,0,0
S06,alarmas,0,0,-0.1,1.15,0,0
S06,mandos,0,1,-0.1,1.15,0,0
S06,entrada_4,0,50.499,-5.05,55.55,0,0
S06,entrada_4_umbral,0,50.499,50.497,50.503,1,10
S07,permisos,0,1,-0.1,1.15,0,0
S07,frenos,0,1,-0.1,1.15,0,0
S07,alarmas,0,1,-0.1,1.15,0,0
S07,mandos,0,1,-0.1,1.15,0,0
S07,entrada_4,0,50.5,-5.05,55.55,0,0
S07,entrada_4_umbral,0,50.5,50.497,50.503,1,10
S08,permisos,0,1,-0.1,1.15,0,0
S08,frenos,0,1,-0.1,1.15,0,0
S08,alarmas,0,1,-0.1,1.15,0,0
S08,mandos,0,1,-0.1,1.15,0,0
S08,entrada_4,0,50.501,-5.0501,55.5511,0,0
S08,entrada_4_umbral,0,50.501,50.497,50.503,1,10
S09,permisos,0,1,-0.1,1.15,0,0
S09,frenos,0,1,-0.1,1.15,0,0
S09,alarmas,0,1,-0.1,1.15,0,0
S09,mandos,0,1,-0.1,1.15,0,0
S09,entrada_4,0,50.51,-5.051,55.561,0,0
S10,permisos,1,1,-0.1,1.15,0,0
S10,frenos,1,1,-0.1,1.15,0,0
S10,alarmas,0,0,-0.1,1.15,0,0
S10,mandos,0,1,-0.1,1.15,0,0
S10,entrada_5,-4.599,0,-5.06,0.46,0,0
S10,entrada_5_umbral,-4.599,0,-4.603,-4.597,1,10
S11,permisos,0,1,-0.1,1.15,0,0
S11,frenos,0,1,-0.1,1.15,0,0
S11,alarmas,0,1,-0.1,1.15,0,0
S11,mandos,0,1,-0.1,1.15,0,0
S11,entrada_5,-4.6,0,-5.06,0.46,0,0
S11,entrada_5_umbral,-4.6,0,-4.603,-4.597,1,10
S12,permisos,0,1,-0.1,1.15,0,0
S12,frenos,0,1,-0.1,1.15,0,0
S12,alarmas,0,1,-0.1,1.15,0,0
S12,mandos,0,1,-0.1,1.15,0,0
S12,entrada_5,-4.601,0,-5.0611,0.4601,0,0
S12,entrada_5_umbral,-4.601,0,-4.603,-4.597,1,10
S13,permisos,0,1,-0.1,1.15,0,0
S13,frenos,0,1,-0.1,1.15,0,0
S13,alarmas,0,1,-0.1,1.15,0,0
S13,mandos,0,1,-0.1,1.15,0,0
S13,entrada_5,-4.61,0,-5.071,0.461,0,0
S14,permisos,1,1,-0.1,1.15,0,0
S14,frenos,1,1,-0.1,1.15,0,0
S14,alarmas,0,0,-0.1,1.15,0,0
S14,mandos,0,1,-0.1,1.15,0,0
S14,entrada_5,0,4.599,-0.46,5.06,0,0
S14,entrada_5_umbral,0,4.599,4.597,4.603,1,10
S15,permisos,0,1,-0.1,1.15,0,0
S15,frenos,0,1,-0.1,1.15,0,0
S15,alarmas,0,1,-0.1,1.15,0,0
S15,mandos,0,1,-0.1,1.15,0,0
S15,entrada_5,0,4.6,-0.46,5.06,0,0
S15,entrada_5_umbral,0,4.6,4.597,4.603,1,10
S16,permisos,0,1,-0.1,1.15,0,0
S16,frenos,0,1,-0.1,1.15,0,0
S16,alarmas,0,1,-0.1,1.15,0,0
S16,mandos,0,1,-0.1,1.15,0,0
S16,entrada_5,0,4.601,-0.4601,5.0611,0,0
S16,entrada_5_umbral,0,4.601,4.597,4.603,1,10
S17,permisos,0,1,-0.1,1.15,0,0
S17,frenos,0,1,-0.1,1.15,0,0
S17,alarmas,0,1,-0.1,1.15,0,0
S17,mandos,0,1,-0.1,1.15,0,0
S17,entrada_5,0,4.61,-0.461,5.071,0,0
S18,permisos,1,1,-0.1,1.15,0,0
S18,frenos,1,1,-0.1,1.15,0,0
S18,alarmas,0,0,-0.1,1.15,0,0
S18,mandos,0,1,-0.1,1.15,0,0
S18,entrada_6,-20.499,10,-23.55,13.05,0,0
S18,entrada_6_umbral,-20.499,10,-20.503,-20.497,1,10
S19,permisos,0,1,-0.1,1.15,0,0
S19,frenos,0,1,-0.1,1.15,0,0
S19,alarmas,0,1,-0.1,1.15,0,0
S19,mandos,0,1,-0.1,1.15,0,0
S19,entrada_6,-20.5,10,-23.55,13.05,0,0
S19,entrada_6_umbral,-20.5,10,-20.503,-20.497,1,10
S20,permisos,0,1,-0.1,1.15,0,0
S20,frenos,0,1,-0.1,1.15,0,0
S20,alarmas,0,1,-0.1,1.15,0,0
S20,mandos,0,1,-0.1,1.15,0,0
S20,entrada_6,-20.501,10,-23.5511,13.0501,0,0
S20,entrada_6_umbral,-20.501,10,-20.503,-20.497,1,10
S21,permisos,0,1,-0.1,1.15,0,0
S21,frenos,0,1,-0.1,1.15,0,0
S21,alarmas,0,1,-0.1,1.15,0,0
S21,mandos,0,1,-0.1,1.15,0,0
S21,entrada_6,-20.51,10,-23.561,13.051,0,0
S22,permisos,1,1,-0.1,1.15,0,0
S22,frenos,1,1,-0.1,1.15,0,0
S22,alarmas,0,0,-0.1,1.15,0,0
S22,mandos,0,1,-0.1,1.15,0,0
S22,entrada_6,10,40.499,6.95,43.55,0,0
S22,entrada_6_umbral,10,40.499,40.497,40.503,1,10
S23,permisos,0,1,-0.1,1.15,0,0
S23,frenos,0,1,-0.1,1.15,0,0
S23,alarmas,0,1,-0.1,1.15,0,0
S23,mandos,0,1,-0.1,1.15,0,0
S23,entrada_6,10,40.5,6.95,43.55,0,0
S23,entrada_6_umbral,10,40.5,40.497,40.503,1,10
S24,permisos,0,1,-0.1,1.15,0,0
S24,frenos,0,1,-0.1,1.15,0,0
S24,alarmas,0,1,-0.1,1.15,0,0
S24,mandos,0,1,-0.1,1.15,0,0
S24,entrada_6,10,40.501,6.9499,43.5511,0,0
S24,entrada_6_umbral,10,40.501,40.497,40.503,1,10
S25,permisos,0,1,-0.1,1.15,0,0
S25,frenos,0,1,-0.1,1.15,0,0
S25,alarmas,0,1,-0.1,1.15,0,0
S25,mandos,0,1,-0.1,1.15,0,0
S25,entrada_6,10,40.51,6.949,43.561,0,0
S26,permisos,1,1,-0.1,1.15,0,0
S26,frenos,1,1,-0.1,1.15,0,0
S26,alarmas,0,0,-0.1,1.15,0,0
S26,mandos,0,1,-0.1,1.15,0,0
S26,entrada_7,-3.449,0,-3.795,0.345,0,0
S26,entrada_7_umbral,-3.449,0,-3.453,-3.447,1,10
S27,permisos,0,1,-0.1,1.15,0,0
S27,frenos,0,1,-0.1,1.15,0,0
S27,alarmas,0,1,-0.1,1.15,0,0
S27,mandos,0,1,-0.1,1.15,0,0
S27,entrada_7,-3.45,0,-3.795,0.345,0,0
S27,entrada_7_umbral,-3.45,0,-3.453,-3.447,1,10
S28,permisos,0,1,-0.1,1.15,0,0
S28,frenos,0,1,-0.1,1.15,0,0
S28,alarmas,0,1,-0.1,1.15,0,0
S28,mandos,0,1,-0.1,1.15,0,0
S28,entrada_7,-3.451,0,-3.7961,0.3451,0,0
S28,entrada_7_umbral,-3.451,0,-3.453,-3.447,1,10
S29,permisos,0,1,-0.1,1.15,0,0
S29,frenos,0,1,-0.1,1.15,0,0
S29,alarmas,0,1,-0.1,1.15,0,0
S29,mandos,0,1,-0.1,1.15,0,0
S29,entrada_7,-3.46,0,-3.806,0.346,0,0
S30,permisos,1,1,-0.1,1.15,0,0
S30,frenos,1,1,-0.1,1.15,0,0
S30,alarmas,0,0,-0.1,1.15,0,0
S30,mandos,0,1,-0.1,1.15,0,0
S30,entrada_7,0,3.449,-0.345,3.795,0,0
S30,entrada_7_umbral,0,3.449,3.447,3.453,1,10
S31,permisos,0,1,-0.1,1.15,0,0
S31,frenos,0,1,-0.1,1.15,0,0
S31,alarmas,0,1,-0.1,1.15,0,0
S31,mandos,0,1,-0.1,1.15,0,0
S31,entrada_7,0,3.45,-0.345,3.795,0,0
S31,entrada_7_umbral,0,3.45,3.447,3.453,1,10
S32,permisos,0,1,-0.1,1.15,0,0
S32,frenos,0,1,-0.1,1.15,0,0
S32,alarmas,0,1,-0.1,1.15,0,0
S32,mandos,0,1,-0.1,1.15,0,0
S32,entrada_7,0,3.451,-0.3451,3.7961,0,0
S32,entrada_7_umbral,0,3.451,3.447,3.453,1,10
S33,permisos,0,1,-0.1,1.15,0,0
S33,frenos,0,1,-0.1,1.15,0,0
S33,alarmas,0,1,-0.1,1.15,0,0
S33,mandos,0,1,-0.1,1.15,0,0
S33,entrada_7,0,3.46,-0.346,3.806,0,0
S34,permisos,0,1,-0.1,1.15,0,0
S34,frenos,0,1,-0.1,1.15,0,0
S34,alarmas,0,1,-0.1,1.15,0,0
S34,mandos,0,1,-0.1,1.15,0,0
S35,permisos,0,1,-0.1,1.15,0,0
S35,frenos,0,1,-0.1,1.15,0,0
S35,alarmas,0,1,-0.1,1.15,0,0
S35,mandos,0,1,-0.1,1.15,0,0
S35,entrada_4,-31,0,-34.1,3.1,0,0
S35,entrada_6,10,41,6.9,44.1,0,0
S36,permisos,0,1,-0.1,1.15,0,0
S36,frenos,0,1,-0.1,1.15,0,0
S36,alarmas,0,1,-0.1,1.15,0,0
S36,mandos,0,1,-0.1,1.15,0,0
S36,entrada_4,-31,0,-34.1,3.1,0,0
S37,permisos,0,1,-0.1,1.15,0,0
S37,frenos,0,1,-0.1,1.15,0,0
S37,alarmas,0,1,-0.1,1.15,0,0
S37,mandos,0,1,-0.1,1.15,0,0
S37,entrada_4,-31,0,-34.1,3.1,0,0
S37,entrada_6,10,41,6.9,44.1,0,0
S38,permisos,0,1,-0.1,1.15,0,0
S38,frenos,0,1,-0.1,1.15,0,0
S38,alarmas,0,1,-0.1,1.15,0,0
S38,mandos,0,1,-0.1,1.15,0,0
S38,entrada_6,10,41,6.9,44.1,0,0
S39,permisos,0,1,-0.1,1.15,0,0
S39,frenos,0,1,-0.1,1.15,0,0
S39,alarmas,0,1,-0.1,1.15,0,0
S39,mandos,0,1,-0.1,1.15,0,0
S39,entrada_4,-31,0,-34.1,3.1,0,0
S39,entrada_6,10,41,6.9,44.1,0,0
S40,permisos,0,1,-0.1,1.15,0,0
S40,frenos,0,1,-0.1,1.15,0,0
S40,alarmas,0,1,-0.1,1.15,0,0
S40,mandos,0,1,-0.1,1.15,0,0
S40,entrada_4,-31,0,-34.1,3.1,0,0
S40,entrada_6,10,41,6.9,44.1,0,0
S41,permisos,0,1,-0.1,1.15,0,0
S41,frenos,0,1,-0.1,1.15,0,0
S41,alarmas,0,1,-0.1,1.15,0,0
S41,mandos,0,1,-0.1,1.15,0,0
S42,permisos,0,1,-0.1,1.15,0,0
S42,frenos,0,1,-0.1,1.15,0,0
S42,alarmas,0,1,-0.1,1.15,0,0
S42,mandos,0,1,-0.1,1.15,0,0
S42,entrada_4,-31,0,-34.1,3.1,0,0
S43,permisos,0,1,-0.1,1.15,0,0
S43,frenos,0,1,-0.1,1.15,0,0
S43,alarmas,0,1,-0.1,1.15,0,0
S43,mandos,0,1,-0.1,1.15,0,0
S43,entrada_4,0,51,-5.1,56.1,0,0
S44,permisos,0,1,-0.1,1.15,0,0
S44,frenos,0,1,-0.1,1.15,0,0
S44,alarmas,0,1,-0.1,1.15,0,0
S44,mandos,0,1,-0.1,1.15,0,0
S44,entrada_6,-21,10,-24.1,13.1,0,0
S45,permisos,0,1,-0.1,1.15,0,0
S45,frenos,0,1,-0.1,1.15,0,0
S45,alarmas,0,1,-0.1,1.15,0,0
S45,mandos,0,1,-0.1,1.15,0,0
S45,entrada_6,10,41,6.9,44.1,0,0
S46,permisos,0,1,-0.1,1.15,0,0
S46,frenos,0,1,-0.1,1.15,0,0
S46,alarmas,0,1,-0.1,1.15,0,0
S46,mandos,0,1,-0.1,1.15,0,0
S46,entrada_7,0,3.5,-0.35,3.85,0,0
S47,permisos,0,1,-0.1,1.15,0,0
S47,frenos,0,1,-0.1,1.15,0,0
S47,alarmas,0,1,-0.1,1.15,0,0
S47,mandos,0,1,-0.1,1.15,0,0
S47,entrada_4,-31,0,-34.1,3.1,0,0
S48,permisos,0,1,-0.1,1.15,0,0
S48,frenos,0,1,-0.1,1.15,0,0
S48,alarmas,0,1,-0.1,1.15,0,0
S48,mandos,0,1,-0.1,1.15,0,0
S48,entrada_4_valida,0,1,-0.1,1.15,0,0
S49,permisos,0,1,-0.1,1.15,0,0
S49,frenos,0,1,-0.1,1.15,0,0
S49,alarmas,0,1,-0.1,1.15,0,0
S49,mandos,0,1,-0.1,1.15,0,0
S49,detalle_watchdog,0,1,-0.1,1.15,0,0
S50,permisos,0,1,-0.1,1.15,0,0
S50,frenos,0,1,-0.1,1.15,0,0
S50,alarmas,0,1,-0.1,1.15,0,0
S50,mandos,0,1,-0.1,1.15,0,0
S50,detalle_watchdog,0,1,-0.1,1.15,0,0
S51,permisos,0,1,-0.1,1.15,0,0
S51,frenos,0,1,-0.1,1.15,0,0
S51,alarmas,0,1,-0.1,1.15,0,0
S51,mandos,0,1,-0.1,1.15,0,0
S51,entrada_4,-31,0,-34.1,3.1,0,0
S52,permisos,0,1,-0.1,1.15,0,0
S52,frenos,0,1,-0.1,1.15,0,0
S52,alarmas,0,1,-0.1,1.15,0,0
S52,mandos,0,1,-0.1,1.15,0,0
S52,entrada_6,10,41,6.9,44.1,0,0
S53,permisos,1,1,-0.1,1.15,0,0
S53,frenos,1,1,-0.1,1.15,0,0
S53,alarmas,0,0,-0.1,1.15,0,0
S53,mandos,0,1,-0.1,1.15,0,0
S54,permisos,0,1,-0.1,1.15,0,0
S54,frenos,0,1,-0.1,1.15,0,0
S54,alarmas,0,1,-0.1,1.15,0,0
S54,mandos,0,1,-0.1,1.15,0,0
S54,detalle_watchdog,0,1,-0.1,1.15,0,0
S55,permisos,0,1,-0.1,1.15,0,0
S55,frenos,0,1,-0.1,1.15,0,0
S55,alarmas,0,1,-0.1,1.15,0,0
S55,mandos,0,1,-0.1,1.15,0,0
S55,detalle_watchdog,0,1,-0.1,1.15,0,0
S56,permisos,0,1,-0.1,1.15,0,0
S56,frenos,0,1,-0.1,1.15,0,0
S56,alarmas,0,1,-0.1,1.15,0,0
S56,mandos,0,1,-0.1,1.15,0,0
S57,permisos,0,1,-0.1,1.15,0,0
S57,frenos,0,1,-0.1,1.15,0,0
S57,alarmas,0,1,-0.1,1.15,0,0
S57,mandos,0,1,-0.1,1.15,0,0
S58,permisos,1,1,-0.1,1.15,0,0
S58,frenos,1,1,-0.1,1.15,0,0
S58,alarmas,0,0,-0.1,1.15,0,0
S58,mandos,0,1,-0.1,1.15,0,0
S58,entrada_4,-30.51,-30.51,-30.55,-30.46,0,0
S59,permisos,1,1,-0.1,1.15,0,0
S59,frenos,1,1,-0.1,1.15,0,0
S59,alarmas,0,0,-0.1,1.15,0,0
S59,mandos,0,1,-0.1,1.15,0,0
S59,entrada_6,-20.51,-20.51,-20.55,-20.46,0,0
S60,permisos,1,1,-0.1,1.15,0,0
S60,frenos,1,1,-0.1,1.15,0,0
S60,alarmas,0,0,-0.1,1.15,0,0
S60,mandos,0,1,-0.1,1.15,0,0
S60,entrada_7,-3.46,-3.46,-3.5,-3.41,0,0
S61,permisos,0,1,-0.1,1.15,0,0
S61,frenos,0,1,-0.1,1.15,0,0
S61,alarmas,0,1,-0.1,1.15,0,0
S61,mandos,0,1,-0.1,1.15,0,0
S62,permisos,1,1,-0.1,1.15,0,0
S62,frenos,1,1,-0.1,1.15,0,0
S62,alarmas,0,0,-0.1,1.15,0,0
S62,mandos,0,1,-0.1,1.15,0,0
S62,entrada_4_valida,0,1,-0.1,1.15,0,0
S63,permisos,1,1,-0.1,1.15,0,0
S63,frenos,1,1,-0.1,1.15,0,0
S63,alarmas,0,0,-0.1,1.15,0,0
S63,mandos,0,1,-0.1,1.15,0,0
S63,entrada_5_valida,0,1,-0.1,1.15,0,0
S64,permisos,1,1,-0.1,1.15,0,0
S64,frenos,1,1,-0.1,1.15,0,0
S64,alarmas,0,0,-0.1,1.15,0,0
S64,mandos,0,1,-0.1,1.15,0,0
S64,entrada_6_valida,0,1,-0.1,1.15,0,0
S65,permisos,1,1,-0.1,1.15,0,0
S65,frenos,1,1,-0.1,1.15,0,0
S65,alarmas,0,0,-0.1,1.15,0,0
S65,mandos,0,1,-0.1,1.15,0,0
S65,entrada_7_valida,0,1,-0.1,1.15,0,0
S66,permisos,1,1,-0.1,1.15,0,0
S66,frenos,1,1,-0.1,1.15,0,0
S66,alarmas,0,0,-0.1,1.15,0,0
S66,mandos,0,1,-0.1,1.15,0,0
S66,entrada_4,0,0,-0.04,0.04,0,0
S66,pulso_original,-31,0,-34.1,3.1,0,0
S67,permisos,0,1,-0.1,1.15,0,0
S67,frenos,0,1,-0.1,1.15,0,0
S67,alarmas,0,1,-0.1,1.15,0,0
S67,mandos,0,1,-0.1,1.15,0,0
S67,entrada_4,-31,0,-34.1,3.1,0,0
S67,entrada_6,-21,10,-24.1,13.1,0,0
S68,permisos,0,1,-0.1,1.15,0,0
S68,frenos,0,1,-0.1,1.15,0,0
S68,alarmas,0,1,-0.1,1.15,0,0
S68,mandos,0,1,-0.1,1.15,0,0
S68,entrada_4,-31,0,-34.1,3.1,0,0
S68,entrada_7,0,3.5,-0.35,3.85,0,0
S69,permisos,0,1,-0.1,1.15,0,0
S69,frenos,0,1,-0.1,1.15,0,0
S69,alarmas,0,1,-0.1,1.15,0,0
S69,mandos,0,1,-0.1,1.15,0,0
S69,entrada_4,0,51,-5.1,56.1,0,0
S69,entrada_6,10,41,6.9,44.1,0,0
S70,permisos,1,1,-0.1,1.15,0,0
S70,frenos,1,1,-0.1,1.15,0,0
S70,alarmas,0,0,-0.1,1.15,0,0
S70,mandos,0,1,-0.1,1.15,0,0
S70,entrada_4,50.51,50.51,50.46,50.55,0,0
S71,permisos,1,1,-0.1,1.15,0,0
S71,frenos,1,1,-0.1,1.15,0,0
S71,alarmas,0,0,-0.1,1.15,0,0
S71,mandos,0,1,-0.1,1.15,0,0
S71,entrada_5,-4.61,-4.61,-4.65,-4.56,0,0
S72,permisos,1,1,-0.1,1.15,0,0
S72,frenos,1,1,-0.1,1.15,0,0
S72,alarmas,0,0,-0.1,1.15,0,0
S72,mandos,0,1,-0.1,1.15,0,0
S72,entrada_5,4.61,4.61,4.56,4.65,0,0
S73,permisos,1,1,-0.1,1.15,0,0
S73,frenos,1,1,-0.1,1.15,0,0
S73,alarmas,0,0,-0.1,1.15,0,0
S73,mandos,0,1,-0.1,1.15,0,0
S73,entrada_6,40.51,40.51,40.46,40.55,0,0
S74,permisos,1,1,-0.1,1.15,0,0
S74,frenos,1,1,-0.1,1.15,0,0
S74,alarmas,0,0,-0.1,1.15,0,0
S74,mandos,0,1,-0.1,1.15,0,0
S74,entrada_7,3.46,3.46,3.41,3.5,0,0
S75,permisos,0,1,-0.1,1.15,0,0
S75,frenos,0,1,-0.1,1.15,0,0
S75,alarmas,0,1,-0.1,1.15,0,0
S75,mandos,0,1,-0.1,1.15,0,0
S75,entrada_4,-31,0,-34.1,3.1,0,0
S75,entrada_7,0,3.5,-0.35,3.85,0,0
