etapa,inicio_s,fin_s,duracion_s,error_x_max_m,error_y_max_m,vx_max_m_s,vy_max_m_s,ax_max_m_s2,ay_max_m_s2,angulo_max_rad,angulo_rms_rad,residual_ultimos2s_rms_rad,torque_carro_max_Nm,torque_carro_rms_Nm,torque_izaje_max_Nm,torque_izaje_rms_Nm,tension_min_N,tension_max_N,saturacion_carro_s,saturacion_izaje_s,interlock_s
0,0,3.24,3.24,26.34,25,1.9140736459222e-32,0.380240566567162,4.78518411480551e-31,7.77625799275958,0,0,0,0,0,0,0,0,118156.62863975,0,0,0.56
1,3.24,3.76,0.52,26.34,24.9766235705655,2.13362666713096e-06,2.16069058845198e-05,1.01893414146565e-05,0.000522030327760872,1.31096987812654e-08,4.94014552651113e-09,4.94014552651113e-09,799.999135152622,665.636299586731,2507.4639595193,2086.31432679807,73547.1579367269,73554.2713711931,0,0,0
3,3.76,46.64,42.88,6.72909823862256e-07,0.0120098976879746,5.14896763879342e-06,0.687083514980637,1.03320703927763e-05,7.50241585196152,2.15447626697425e-07,1.10397915698954e-07,4.92606618108551e-08,799.994408859914,799.982914486174,2507.53742209393,1947.59503257448,-7578.80826886399,78504.8748646328,0,0,0
4,46.64,47.68,1.04,1.12873443924855e-07,0.012,2.79056108658642e-06,6.33247862737087e-06,1.00808217939571e-06,1.41676626992225,7.55224848596337e-08,4.86327177352033e-08,4.86327177352033e-08,799.971459870993,799.971172123723,1679.19300333284,1092.39116515887,0,0,0,0,0
5,47.68,75.32,27.64,4.80134204394744e-07,0.0124984476814891,3.63997125731932e-06,0.51944607559734,3.80454265020788e-06,2.40222935068571,2.70344799512148e-07,1.78442097447967e-07,2.06870422798648e-07,799.97178172972,799.963560295323,11452.4204040742,8712.70987743472,0,318327.581616579,0,0,0
6,75.32,75.4,0.0799999999999983,2.59001275537685e-07,0.000723286485687424,2.93792039682746e-06,0.0191865663279458,5.36820318962077e-07,0.0475573971194175,2.72964864783838e-07,2.72336036743151e-07,2.72336036743151e-07,799.958384115423,799.958371411146,8827.28174859252,8805.16053923362,253563.35244672,255592.578412319,0,0,0
7,75.4,133.56,58.16,1.88029053165498,0.106907371682944,2.77372988809928,1.21649746039443,0.739028361836041,1.05463118179305,0.0386993267089325,0.0169419952930227,0.000708933087647851,1244.0206318304,568.047951874816,11212.2013547534,8870.55998584687,249281.240111541,281830.29663327,0,0,0
8,133.56,169.24,35.68,0.00300024684142031,0.00749716068409967,0.00871735405309766,0.507905761558053,0.0401165056288302,4.28137489846899,0.00106863511928193,0.00058689081685819,0.000523070066448807,12.6353772558437,6.39315497594913,11503.063650151,8258.46393479298,206141.422365319,281988.263917489,0,0,0
9,169.24,279.52,110.28,0.000253628642312265,0.00717158033671161,0.000720238386226086,0.16562615808725,0.00378398806469921,5.90591496276446,0.000227327536159764,0.000141722798731786,0.000102615363281832,4.04986399965262,3.92222539442033,20000,15623.2372669469,93025.8516966059,231561.259976893,0,49.6,0
