nombre,unidad,origen,acceso,muestras,periodo_mediano_s,metodo
grupo4_Inport_42,ver puerto y parametros del modelo,MC_R2_SFC_RELOJ_referencia_antisway/Automata Supervisor,logsout{1}.Values,8461,0.0199999999999996,"nativo, sin decimacion"
grupo8_Inport_08,ver puerto y parametros del modelo,MC_R2_SFC_RELOJ_referencia_antisway/Automata Supervisor,logsout{2}.Values,8461,0.0199999999999996,"nativo, sin decimacion"
grupo8_Inport_09,ver puerto y parametros del modelo,MC_R2_SFC_RELOJ_referencia_antisway/Automata Supervisor,logsout{3}.Values,8461,0.0199999999999996,"nativo, sin decimacion"
grupo8_Inport_10,ver puerto y parametros del modelo,MC_R2_SFC_RELOJ_referencia_antisway/Automata Supervisor,logsout{4}.Values,8461,0.0199999999999996,"nativo, sin decimacion"
grupo8_Inport_11,ver puerto y parametros del modelo,MC_R2_SFC_RELOJ_referencia_antisway/Automata Supervisor,logsout{5}.Values,8461,0.0199999999999996,"nativo, sin decimacion"
grupo1_Outport_01,ver puerto y parametros del modelo,MC_R2_SFC_RELOJ_referencia_antisway/Automata Supervisor/Cliente OPC UA CODESYS,logsout{6}.Values,8461,0.0199999999999996,"nativo, sin decimacion"
grupo1_Outport_02,ver puerto y parametros del modelo,MC_R2_SFC_RELOJ_referencia_antisway/Automata Supervisor/Cliente OPC UA CODESYS,logsout{7}.Values,8461,0.0199999999999996,"nativo, sin decimacion"
grupo1_Outport_03,ver puerto y parametros del modelo,MC_R2_SFC_RELOJ_referencia_antisway/Automata Supervisor/Cliente OPC UA CODESYS,logsout{8}.Values,8461,0.0199999999999996,"nativo, sin decimacion"
grupo1_Outport_04,ver puerto y parametros del modelo,MC_R2_SFC_RELOJ_referencia_antisway/Automata Supervisor/Cliente OPC UA CODESYS,logsout{9}.Values,8461,0.0199999999999996,"nativo, sin decimacion"
grupo1_Outport_05,ver puerto y parametros del modelo,MC_R2_SFC_RELOJ_referencia_antisway/Automata Supervisor/Cliente OPC UA CODESYS,logsout{10}.Values,8461,0.0199999999999996,"nativo, sin decimacion"
grupo1_Outport_06,ver puerto y parametros del modelo,MC_R2_SFC_RELOJ_referencia_antisway/Automata Supervisor/Cliente OPC UA CODESYS,logsout{11}.Values,8461,0.0199999999999996,"nativo, sin decimacion"
grupo1_Outport_07,ver puerto y parametros del modelo,MC_R2_SFC_RELOJ_referencia_antisway/Automata Supervisor/Cliente OPC UA CODESYS,logsout{12}.Values,8461,0.0199999999999996,"nativo, sin decimacion"
grupo1_Outport_08,ver puerto y parametros del modelo,MC_R2_SFC_RELOJ_referencia_antisway/Automata Supervisor/Cliente OPC UA CODESYS,logsout{13}.Values,8461,0.0199999999999996,"nativo, sin decimacion"
grupo1_Outport_09,ver puerto y parametros del modelo,MC_R2_SFC_RELOJ_referencia_antisway/Automata Supervisor/Cliente OPC UA CODESYS,logsout{14}.Values,8461,0.0199999999999996,"nativo, sin decimacion"
grupo1_Outport_10,ver puerto y parametros del modelo,MC_R2_SFC_RELOJ_referencia_antisway/Automata Supervisor/Cliente OPC UA CODESYS,logsout{15}.Values,8461,0.0199999999999996,"nativo, sin decimacion"
grupo1_Outport_11,ver puerto y parametros del modelo,MC_R2_SFC_RELOJ_referencia_antisway/Automata Supervisor/Cliente OPC UA CODESYS,logsout{16}.Values,8461,0.0199999999999996,"nativo, sin decimacion"
grupo1_Outport_12,ver puerto y parametros del modelo,MC_R2_SFC_RELOJ_referencia_antisway/Automata Supervisor/Cliente OPC UA CODESYS,logsout{17}.Values,8461,0.0199999999999996,"nativo, sin decimacion"
grupo1_Outport_13,ver puerto y parametros del modelo,MC_R2_SFC_RELOJ_referencia_antisway/Automata Supervisor/Cliente OPC UA CODESYS,logsout{18}.Values,8461,0.0199999999999996,"nativo, sin decimacion"
grupo1_Outport_14,ver puerto y parametros del modelo,MC_R2_SFC_RELOJ_referencia_antisway/Automata Supervisor/Cliente OPC UA CODESYS,logsout{19}.Values,8461,0.0199999999999996,"nativo, sin decimacion"
grupo1_Outport_15,ver puerto y parametros del modelo,MC_R2_SFC_RELOJ_referencia_antisway/Automata Supervisor/Cliente OPC UA CODESYS,logsout{20}.Values,8461,0.0199999999999996,"nativo, sin decimacion"
grupo1_Outport_16,ver puerto y parametros del modelo,MC_R2_SFC_RELOJ_referencia_antisway/Automata Supervisor/Cliente OPC UA CODESYS,logsout{21}.Values,8461,0.0199999999999996,"nativo, sin decimacion"
grupo1_Outport_17,ver puerto y parametros del modelo,MC_R2_SFC_RELOJ_referencia_antisway/Automata Supervisor/Cliente OPC UA CODESYS,logsout{22}.Values,8461,0.0199999999999996,"nativo, sin decimacion"
grupo1_Outport_18,ver puerto y parametros del modelo,MC_R2_SFC_RELOJ_referencia_antisway/Automata Supervisor/Cliente OPC UA CODESYS,logsout{23}.Values,8461,0.0199999999999996,"nativo, sin decimacion"
grupo1_Outport_19,ver puerto y parametros del modelo,MC_R2_SFC_RELOJ_referencia_antisway/Automata Supervisor/Cliente OPC UA CODESYS,logsout{24}.Values,8461,0.0199999999999996,"nativo, sin decimacion"
grupo1_Outport_20,ver puerto y parametros del modelo,MC_R2_SFC_RELOJ_referencia_antisway/Automata Supervisor/Cliente OPC UA CODESYS,logsout{25}.Values,8461,0.0199999999999996,"nativo, sin decimacion"
grupo1_Outport_21,ver puerto y parametros del modelo,MC_R2_SFC_RELOJ_referencia_antisway/Automata Supervisor/Cliente OPC UA CODESYS,logsout{26}.Values,8461,0.0199999999999996,"nativo, sin decimacion"
grupo1_Outport_22,ver puerto y parametros del modelo,MC_R2_SFC_RELOJ_referencia_antisway/Automata Supervisor/Cliente OPC UA CODESYS,logsout{27}.Values,8461,0.0199999999999996,"nativo, sin decimacion"
grupo1_Outport_23,ver puerto y parametros del modelo,MC_R2_SFC_RELOJ_referencia_antisway/Automata Supervisor/Cliente OPC UA CODESYS,logsout{28}.Values,8461,0.0199999999999996,"nativo, sin decimacion"
grupo1_Outport_24,ver puerto y parametros del modelo,MC_R2_SFC_RELOJ_referencia_antisway/Automata Supervisor/Cliente OPC UA CODESYS,logsout{29}.Values,8461,0.0199999999999996,"nativo, sin decimacion"
grupo1_Outport_25,ver puerto y parametros del modelo,MC_R2_SFC_RELOJ_referencia_antisway/Automata Supervisor/Cliente OPC UA CODESYS,logsout{30}.Values,8461,0.0199999999999996,"nativo, sin decimacion"
grupo1_Outport_26,ver puerto y parametros del modelo,MC_R2_SFC_RELOJ_referencia_antisway/Automata Supervisor/Cliente OPC UA CODESYS,logsout{31}.Values,8461,0.0199999999999996,"nativo, sin decimacion"
grupo1_Outport_27,ver puerto y parametros del modelo,MC_R2_SFC_RELOJ_referencia_antisway/Automata Supervisor/Cliente OPC UA CODESYS,logsout{32}.Values,8461,0.0199999999999996,"nativo, sin decimacion"
grupo1_Outport_28,ver puerto y parametros del modelo,MC_R2_SFC_RELOJ_referencia_antisway/Automata Supervisor/Cliente OPC UA CODESYS,logsout{33}.Values,8461,0.0199999999999996,"nativo, sin decimacion"
grupo1_Outport_29,ver puerto y parametros del modelo,MC_R2_SFC_RELOJ_referencia_antisway/Automata Supervisor/Cliente OPC UA CODESYS,logsout{34}.Values,8461,0.0199999999999996,"nativo, sin decimacion"
grupo1_Outport_30,ver puerto y parametros del modelo,MC_R2_SFC_RELOJ_referencia_antisway/Automata Supervisor/Cliente OPC UA CODESYS,logsout{35}.Values,8461,0.0199999999999996,"nativo, sin decimacion"
grupo1_Outport_31,ver puerto y parametros del modelo,MC_R2_SFC_RELOJ_referencia_antisway/Automata Supervisor/Cliente OPC UA CODESYS,logsout{36}.Values,8461,0.0199999999999996,"nativo, sin decimacion"
grupo1_Outport_32,ver puerto y parametros del modelo,MC_R2_SFC_RELOJ_referencia_antisway/Automata Supervisor/Cliente OPC UA CODESYS,logsout{37}.Values,8461,0.0199999999999996,"nativo, sin decimacion"
grupo1_Outport_33,ver puerto y parametros del modelo,MC_R2_SFC_RELOJ_referencia_antisway/Automata Supervisor/Cliente OPC UA CODESYS,logsout{38}.Values,8461,0.0199999999999996,"nativo, sin decimacion"
grupo1_Outport_34,ver puerto y parametros del modelo,MC_R2_SFC_RELOJ_referencia_antisway/Automata Supervisor/Cliente OPC UA CODESYS,logsout{39}.Values,8461,0.0199999999999996,"nativo, sin decimacion"
grupo1_Outport_35,ver puerto y parametros del modelo,MC_R2_SFC_RELOJ_referencia_antisway/Automata Supervisor/Cliente OPC UA CODESYS,logsout{40}.Values,8461,0.0199999999999996,"nativo, sin decimacion"
grupo1_Outport_36,ver puerto y parametros del modelo,MC_R2_SFC_RELOJ_referencia_antisway/Automata Supervisor/Cliente OPC UA CODESYS,logsout{41}.Values,8461,0.0199999999999996,"nativo, sin decimacion"
grupo1_Outport_37,ver puerto y parametros del modelo,MC_R2_SFC_RELOJ_referencia_antisway/Automata Supervisor/Cliente OPC UA CODESYS,logsout{42}.Values,8461,0.0199999999999996,"nativo, sin decimacion"
grupo1_Outport_38,ver puerto y parametros del modelo,MC_R2_SFC_RELOJ_referencia_antisway/Automata Supervisor/Cliente OPC UA CODESYS,logsout{43}.Values,8461,0.0199999999999996,"nativo, sin decimacion"
grupo1_Outport_39,ver puerto y parametros del modelo,MC_R2_SFC_RELOJ_referencia_antisway/Automata Supervisor/Cliente OPC UA CODESYS,logsout{44}.Values,8461,0.0199999999999996,"nativo, sin decimacion"
grupo1_Outport_40,ver puerto y parametros del modelo,MC_R2_SFC_RELOJ_referencia_antisway/Automata Supervisor/Cliente OPC UA CODESYS,logsout{45}.Values,8461,0.0199999999999996,"nativo, sin decimacion"
grupo1_Outport_41,ver puerto y parametros del modelo,MC_R2_SFC_RELOJ_referencia_antisway/Automata Supervisor/Cliente OPC UA CODESYS,logsout{46}.Values,8461,0.0199999999999996,"nativo, sin decimacion"
grupo1_Outport_42,ver puerto y parametros del modelo,MC_R2_SFC_RELOJ_referencia_antisway/Automata Supervisor/Cliente OPC UA CODESYS,logsout{47}.Values,8461,0.0199999999999996,"nativo, sin decimacion"
grupo1_Outport_43,ver puerto y parametros del modelo,MC_R2_SFC_RELOJ_referencia_antisway/Automata Supervisor/Cliente OPC UA CODESYS,logsout{48}.Values,8461,0.0199999999999996,"nativo, sin decimacion"
grupo1_Outport_44,ver puerto y parametros del modelo,MC_R2_SFC_RELOJ_referencia_antisway/Automata Supervisor/Cliente OPC UA CODESYS,logsout{49}.Values,8461,0.0199999999999996,"nativo, sin decimacion"
grupo1_Inport_34,ver puerto y parametros del modelo,MC_R2_SFC_RELOJ_referencia_antisway/Automata Supervisor/Desde_Seguridad_01,logsout{50}.Values,4231,0.0399999999999991,"nativo, sin decimacion"
grupo1_Inport_35,ver puerto y parametros del modelo,MC_R2_SFC_RELOJ_referencia_antisway/Automata Supervisor/Desde_Seguridad_02,logsout{51}.Values,531440,0.000333333333330188,"nativo, sin decimacion"
grupo1_Inport_36,ver puerto y parametros del modelo,MC_R2_SFC_RELOJ_referencia_antisway/Automata Supervisor/Desde_Seguridad_03,logsout{52}.Values,531440,0.000333333333330188,"nativo, sin decimacion"
grupo1_Inport_37,ver puerto y parametros del modelo,MC_R2_SFC_RELOJ_referencia_antisway/Automata Supervisor/Desde_Seguridad_04,logsout{53}.Values,531440,0.000333333333330188,"nativo, sin decimacion"
grupo1_Inport_38,ver puerto y parametros del modelo,MC_R2_SFC_RELOJ_referencia_antisway/Automata Supervisor/Desde_Seguridad_05,logsout{54}.Values,531440,0.000333333333330188,"nativo, sin decimacion"
grupo1_Inport_39,ver puerto y parametros del modelo,MC_R2_SFC_RELOJ_referencia_antisway/Automata Supervisor/Desde_Seguridad_06,logsout{55}.Values,1,NaN,"nativo, sin decimacion"
grupo1_Inport_40,ver puerto y parametros del modelo,MC_R2_SFC_RELOJ_referencia_antisway/Automata Supervisor/Desde_Seguridad_07,logsout{56}.Values,4231,0.0399999999999991,"nativo, sin decimacion"
grupo1_Inport_41,ver puerto y parametros del modelo,MC_R2_SFC_RELOJ_referencia_antisway/Automata Supervisor/Desde_Seguridad_08,logsout{57}.Values,531440,0.000333333333330188,"nativo, sin decimacion"
grupo1_Inport_25,ver puerto y parametros del modelo,MC_R2_SFC_RELOJ_referencia_antisway/Automata Supervisor/autoTargetX,logsout{58}.Values,4231,0.0399999999999991,"nativo, sin decimacion"
grupo1_Inport_04,ver puerto y parametros del modelo,MC_R2_SFC_RELOJ_referencia_antisway/Automata Supervisor/cmdAutoStart,logsout{59}.Values,4231,0.0399999999999991,"nativo, sin decimacion"
grupo1_Inport_05,ver puerto y parametros del modelo,MC_R2_SFC_RELOJ_referencia_antisway/Automata Supervisor/cmdReset,logsout{60}.Values,4231,0.0399999999999991,"nativo, sin decimacion"
grupo1_Inport_01,ver puerto y parametros del modelo,MC_R2_SFC_RELOJ_referencia_antisway/Automata Supervisor/cmdStart,logsout{61}.Values,4231,0.0399999999999991,"nativo, sin decimacion"
grupo1_Inport_02,ver puerto y parametros del modelo,MC_R2_SFC_RELOJ_referencia_antisway/Automata Supervisor/cmdStop,logsout{62}.Values,4231,0.0399999999999991,"nativo, sin decimacion"
grupo1_Inport_07,ver puerto y parametros del modelo,MC_R2_SFC_RELOJ_referencia_antisway/Automata Supervisor/configValid,logsout{63}.Values,1,NaN,"nativo, sin decimacion"
grupo1_Inport_09,ver puerto y parametros del modelo,MC_R2_SFC_RELOJ_referencia_antisway/Automata Supervisor/contact4,logsout{64}.Values,169201,0.00100000000000477,"nativo, sin decimacion"
grupo1_Inport_27,ver puerto y parametros del modelo,MC_R2_SFC_RELOJ_referencia_antisway/Automata Supervisor/finalApproachDistance,logsout{65}.Values,1,NaN,"nativo, sin decimacion"
grupo1_Inport_30,ver puerto y parametros del modelo,MC_R2_SFC_RELOJ_referencia_antisway/Automata Supervisor/hmiScanRequestRaw,logsout{66}.Values,4231,0.0399999999999991,"nativo, sin decimacion"
grupo1_Inport_17,ver puerto y parametros del modelo,MC_R2_SFC_RELOJ_referencia_antisway/Automata Supervisor/joyHoist,logsout{67}.Values,4231,0.0399999999999991,"nativo, sin decimacion"
grupo1_Inport_16,ver puerto y parametros del modelo,MC_R2_SFC_RELOJ_referencia_antisway/Automata Supervisor/joyTrolley,logsout{68}.Values,4231,0.0399999999999991,"nativo, sin decimacion"
grupo1_Inport_31,ver puerto y parametros del modelo,MC_R2_SFC_RELOJ_referencia_antisway/Automata Supervisor/lidarX,logsout{69}.Values,531440,0.000333333333330188,"nativo, sin decimacion"
grupo1_Inport_32,ver puerto y parametros del modelo,MC_R2_SFC_RELOJ_referencia_antisway/Automata Supervisor/lidarY,logsout{70}.Values,531440,0.000333333333330188,"nativo, sin decimacion"
grupo1_Inport_26,ver puerto y parametros del modelo,MC_R2_SFC_RELOJ_referencia_antisway/Automata Supervisor/manualToAutoHeight,logsout{71}.Values,1,NaN,"nativo, sin decimacion"
grupo1_Inport_03,ver puerto y parametros del modelo,MC_R2_SFC_RELOJ_referencia_antisway/Automata Supervisor/modeAutoReq,logsout{72}.Values,4231,0.0399999999999991,"nativo, sin decimacion"
grupo1_Inport_12,ver puerto y parametros del modelo,MC_R2_SFC_RELOJ_referencia_antisway/Automata Supervisor/normalLimitXMax,logsout{73}.Values,531440,0.000333333333330188,"nativo, sin decimacion"
grupo1_Inport_11,ver puerto y parametros del modelo,MC_R2_SFC_RELOJ_referencia_antisway/Automata Supervisor/normalLimitXMin,logsout{74}.Values,531440,0.000333333333330188,"nativo, sin decimacion"
grupo1_Inport_19,ver puerto y parametros del modelo,MC_R2_SFC_RELOJ_referencia_antisway/Automata Supervisor/omegaTrolley,logsout{75}.Values,169201,0.00100000000000477,"nativo, sin decimacion"
grupo1_Inport_22,ver puerto y parametros del modelo,MC_R2_SFC_RELOJ_referencia_antisway/Automata Supervisor/ropeTension,logsout{76}.Values,531440,0.000333333333330188,"nativo, sin decimacion"
grupo1_Inport_13,ver puerto y parametros del modelo,MC_R2_SFC_RELOJ_referencia_antisway/Automata Supervisor/safetyPermitGlobal,logsout{77}.Values,8461,0.0199999999999996,"nativo, sin decimacion"
grupo1_Inport_15,ver puerto y parametros del modelo,MC_R2_SFC_RELOJ_referencia_antisway/Automata Supervisor/safetyPermitHoist,logsout{78}.Values,8461,0.0199999999999996,"nativo, sin decimacion"
grupo1_Inport_14,ver puerto y parametros del modelo,MC_R2_SFC_RELOJ_referencia_antisway/Automata Supervisor/safetyPermitTrolley,logsout{79}.Values,8461,0.0199999999999996,"nativo, sin decimacion"
grupo1_Inport_33,ver puerto y parametros del modelo,MC_R2_SFC_RELOJ_referencia_antisway/Automata Supervisor/scanSpeed,logsout{80}.Values,1,NaN,"nativo, sin decimacion"
grupo1_Inport_28,ver puerto y parametros del modelo,MC_R2_SFC_RELOJ_referencia_antisway/Automata Supervisor/spreaderSwayAngle,logsout{81}.Values,531440,0.000333333333330188,"nativo, sin decimacion"
grupo1_Inport_29,ver puerto y parametros del modelo,MC_R2_SFC_RELOJ_referencia_antisway/Automata Supervisor/spreaderSwayRate,logsout{82}.Values,531440,0.000333333333330188,"nativo, sin decimacion"
grupo1_Inport_06,ver puerto y parametros del modelo,MC_R2_SFC_RELOJ_referencia_antisway/Automata Supervisor/swayControlSelect,logsout{83}.Values,1,NaN,"nativo, sin decimacion"
grupo1_Inport_24,ver puerto y parametros del modelo,MC_R2_SFC_RELOJ_referencia_antisway/Automata Supervisor/torqueHoistRaw,logsout{84}.Values,8461,0.0199999999999996,"nativo, sin decimacion"
grupo1_Inport_23,ver puerto y parametros del modelo,MC_R2_SFC_RELOJ_referencia_antisway/Automata Supervisor/torqueTrolleyRaw,logsout{85}.Values,8461,0.0199999999999996,"nativo, sin decimacion"
grupo1_Inport_08,ver puerto y parametros del modelo,MC_R2_SFC_RELOJ_referencia_antisway/Automata Supervisor/twistlockButton,logsout{86}.Values,4231,0.0399999999999991,"nativo, sin decimacion"
grupo1_Inport_10,ver puerto y parametros del modelo,MC_R2_SFC_RELOJ_referencia_antisway/Automata Supervisor/twistlocksClosedFb,logsout{87}.Values,8461,0.0199999999999996,"nativo, sin decimacion"
grupo1_Inport_21,ver puerto y parametros del modelo,MC_R2_SFC_RELOJ_referencia_antisway/Automata Supervisor/vHoist,logsout{88}.Values,531440,0.000333333333330188,"nativo, sin decimacion"
grupo1_Inport_18,ver puerto y parametros del modelo,MC_R2_SFC_RELOJ_referencia_antisway/Automata Supervisor/xTrolley,logsout{89}.Values,169201,0.00100000000000477,"nativo, sin decimacion"
grupo1_Inport_20,ver puerto y parametros del modelo,MC_R2_SFC_RELOJ_referencia_antisway/Automata Supervisor/yHoist,logsout{90}.Values,531440,0.000333333333330188,"nativo, sin decimacion"
mc_encoder_omegaT,rad/s,MC_R2_SFC_RELOJ_referencia_antisway/Estados MC carro,logsout{91}.Values,169201,0.00100000000000477,"nativo, sin decimacion"
mc_encoder_vT,ver puerto y parametros del modelo,MC_R2_SFC_RELOJ_referencia_antisway/Estados MC carro,logsout{92}.Values,169201,0.00100000000000477,"nativo, sin decimacion"
mc_encoder_x,ver puerto y parametros del modelo,MC_R2_SFC_RELOJ_referencia_antisway/Estados MC carro,logsout{93}.Values,169201,0.00100000000000477,"nativo, sin decimacion"
mc_observer_qT,ver puerto y parametros del modelo,MC_R2_SFC_RELOJ_referencia_antisway/Estados MC carro,logsout{94}.Values,169201,0.00100000000000477,"nativo, sin decimacion"
longitud_cable_estimada,ver puerto y parametros del modelo,MC_R2_SFC_RELOJ_referencia_antisway/Estados MC izaje,logsout{95}.Values,169201,0.00100000000000477,"nativo, sin decimacion"
mc_encoder_lengthRate,ver puerto y parametros del modelo,MC_R2_SFC_RELOJ_referencia_antisway/Estados MC izaje,logsout{96}.Values,169201,0.00100000000000477,"nativo, sin decimacion"
mc_encoder_omegaH,rad/s,MC_R2_SFC_RELOJ_referencia_antisway/Estados MC izaje,logsout{97}.Values,169201,0.00100000000000477,"nativo, sin decimacion"
mc_observer_qH,ver puerto y parametros del modelo,MC_R2_SFC_RELOJ_referencia_antisway/Estados MC izaje,logsout{98}.Values,169201,0.00100000000000477,"nativo, sin decimacion"
yc_xl,ver puerto y parametros del modelo,MC_R2_SFC_RELOJ_referencia_antisway/From11,logsout{99}.Values,531440,0.000333333333330188,"nativo, sin decimacion"
grupo3_Inport_01,ver puerto y parametros del modelo,MC_R2_SFC_RELOJ_referencia_antisway/From22,logsout{100}.Values,8461,0.0199999999999996,"nativo, sin decimacion"
grupo2_Inport_04,ver puerto y parametros del modelo,MC_R2_SFC_RELOJ_referencia_antisway/From24,logsout{101}.Values,531440,0.000333333333330188,"nativo, sin decimacion"
grupo2_Inport_06,ver puerto y parametros del modelo,MC_R2_SFC_RELOJ_referencia_antisway/From25,logsout{102}.Values,531440,0.000333333333330188,"nativo, sin decimacion"
grupo2_Inport_07,ver puerto y parametros del modelo,MC_R2_SFC_RELOJ_referencia_antisway/From26,logsout{103}.Values,531440,0.000333333333330188,"nativo, sin decimacion"
grupo2_Inport_01,ver puerto y parametros del modelo,MC_R2_SFC_RELOJ_referencia_antisway/From27,logsout{104}.Values,531440,0.000333333333330188,"nativo, sin decimacion"
grupo2_Inport_02,ver puerto y parametros del modelo,MC_R2_SFC_RELOJ_referencia_antisway/From28,logsout{105}.Values,531440,0.000333333333330188,"nativo, sin decimacion"
grupo2_Inport_03,ver puerto y parametros del modelo,MC_R2_SFC_RELOJ_referencia_antisway/From29,logsout{106}.Values,531440,0.000333333333330188,"nativo, sin decimacion"
grupo2_Inport_05,ver puerto y parametros del modelo,MC_R2_SFC_RELOJ_referencia_antisway/From30,logsout{107}.Values,531440,0.000333333333330188,"nativo, sin decimacion"
grupo3_Inport_04,ver puerto y parametros del modelo,MC_R2_SFC_RELOJ_referencia_antisway/From33,logsout{108}.Values,531440,0.000333333333330188,"nativo, sin decimacion"
grupo4_Inport_10,ver puerto y parametros del modelo,MC_R2_SFC_RELOJ_referencia_antisway/GF_FROM_TOP_HMI_ESTADO_10_P1_A_VISUALIZACION_,logsout{109}.Values,4231,0.0399999999999991,"nativo, sin decimacion"
grupo4_Inport_11,ver puerto y parametros del modelo,MC_R2_SFC_RELOJ_referencia_antisway/GF_FROM_TOP_HMI_ESTADO_11_P1_A_VISUALIZACION_,logsout{110}.Values,4231,0.0399999999999991,"nativo, sin decimacion"
grupo4_Inport_12,ver puerto y parametros del modelo,MC_R2_SFC_RELOJ_referencia_antisway/GF_FROM_TOP_HMI_ESTADO_12_P1_A_VISUALIZACION_,logsout{111}.Values,4231,0.0399999999999991,"nativo, sin decimacion"
grupo4_Inport_13,ver puerto y parametros del modelo,MC_R2_SFC_RELOJ_referencia_antisway/GF_FROM_TOP_HMI_ESTADO_13_P1_A_VISUALIZACION_,logsout{112}.Values,4231,0.0399999999999991,"nativo, sin decimacion"
grupo4_Inport_14,ver puerto y parametros del modelo,MC_R2_SFC_RELOJ_referencia_antisway/GF_FROM_TOP_HMI_ESTADO_14_P1_A_VISUALIZACION_,logsout{113}.Values,4231,0.0399999999999991,"nativo, sin decimacion"
grupo4_Inport_15,ver puerto y parametros del modelo,MC_R2_SFC_RELOJ_referencia_antisway/GF_FROM_TOP_HMI_ESTADO_15_P1_A_VISUALIZACION_,logsout{114}.Values,4231,0.0399999999999991,"nativo, sin decimacion"
grupo4_Inport_16,ver puerto y parametros del modelo,MC_R2_SFC_RELOJ_referencia_antisway/GF_FROM_TOP_HMI_ESTADO_16_P1_A_VISUALIZACION_,logsout{115}.Values,4231,0.0399999999999991,"nativo, sin decimacion"
grupo4_Inport_17,ver puerto y parametros del modelo,MC_R2_SFC_RELOJ_referencia_antisway/GF_FROM_TOP_HMI_ESTADO_17_P1_A_VISUALIZACION_,logsout{116}.Values,4231,0.0399999999999991,"nativo, sin decimacion"
grupo4_Inport_18,ver puerto y parametros del modelo,MC_R2_SFC_RELOJ_referencia_antisway/GF_FROM_TOP_HMI_ESTADO_18_P1_A_VISUALIZACION_,logsout{117}.Values,4231,0.0399999999999991,"nativo, sin decimacion"
grupo4_Inport_19,ver puerto y parametros del modelo,MC_R2_SFC_RELOJ_referencia_antisway/GF_FROM_TOP_HMI_ESTADO_19_P1_A_VISUALIZACION_,logsout{118}.Values,4231,0.0399999999999991,"nativo, sin decimacion"
grupo4_Inport_20,ver puerto y parametros del modelo,MC_R2_SFC_RELOJ_referencia_antisway/GF_FROM_TOP_HMI_ESTADO_20_P1_A_VISUALIZACION_,logsout{119}.Values,4231,0.0399999999999991,"nativo, sin decimacion"
grupo4_Inport_21,ver puerto y parametros del modelo,MC_R2_SFC_RELOJ_referencia_antisway/GF_FROM_TOP_HMI_ESTADO_21_P1_A_VISUALIZACION_,logsout{120}.Values,4231,0.0399999999999991,"nativo, sin decimacion"
grupo4_Inport_22,ver puerto y parametros del modelo,MC_R2_SFC_RELOJ_referencia_antisway/GF_FROM_TOP_HMI_ESTADO_22_P1_A_VISUALIZACION_,logsout{121}.Values,4231,0.0399999999999991,"nativo, sin decimacion"
grupo4_Inport_23,ver puerto y parametros del modelo,MC_R2_SFC_RELOJ_referencia_antisway/GF_FROM_TOP_HMI_ESTADO_23_P1_A_VISUALIZACION_,logsout{122}.Values,4231,0.0399999999999991,"nativo, sin decimacion"
grupo4_Inport_24,ver puerto y parametros del modelo,MC_R2_SFC_RELOJ_referencia_antisway/GF_FROM_TOP_HMI_ESTADO_24_P1_A_VISUALIZACION_,logsout{123}.Values,4231,0.0399999999999991,"nativo, sin decimacion"
grupo4_Inport_25,ver puerto y parametros del modelo,MC_R2_SFC_RELOJ_referencia_antisway/GF_FROM_TOP_HMI_ESTADO_25_P1_A_VISUALIZACION_,logsout{124}.Values,4231,0.0399999999999991,"nativo, sin decimacion"
grupo4_Inport_26,ver puerto y parametros del modelo,MC_R2_SFC_RELOJ_referencia_antisway/GF_FROM_TOP_HMI_ESTADO_26_P1_A_VISUALIZACION_,logsout{125}.Values,4231,0.0399999999999991,"nativo, sin decimacion"
grupo4_Inport_27,ver puerto y parametros del modelo,MC_R2_SFC_RELOJ_referencia_antisway/GF_FROM_TOP_HMI_ESTADO_27_P1_A_VISUALIZACION_,logsout{126}.Values,4231,0.0399999999999991,"nativo, sin decimacion"
grupo4_Inport_28,ver puerto y parametros del modelo,MC_R2_SFC_RELOJ_referencia_antisway/GF_FROM_TOP_HMI_ESTADO_28_P1_A_VISUALIZACION_,logsout{127}.Values,4231,0.0399999999999991,"nativo, sin decimacion"
grupo4_Inport_29,ver puerto y parametros del modelo,MC_R2_SFC_RELOJ_referencia_antisway/GF_FROM_TOP_HMI_ESTADO_29_P1_A_VISUALIZACION_,logsout{128}.Values,4231,0.0399999999999991,"nativo, sin decimacion"
grupo4_Inport_30,ver puerto y parametros del modelo,MC_R2_SFC_RELOJ_referencia_antisway/GF_FROM_TOP_HMI_ESTADO_30_P1_A_VISUALIZACION_,logsout{129}.Values,4231,0.0399999999999991,"nativo, sin decimacion"
grupo4_Inport_31,ver puerto y parametros del modelo,MC_R2_SFC_RELOJ_referencia_antisway/GF_FROM_TOP_HMI_ESTADO_31_P1_A_VISUALIZACION_,logsout{130}.Values,4231,0.0399999999999991,"nativo, sin decimacion"
grupo4_Inport_32,ver puerto y parametros del modelo,MC_R2_SFC_RELOJ_referencia_antisway/GF_FROM_TOP_HMI_ESTADO_32_P1_A_VISUALIZACION_,logsout{131}.Values,4231,0.0399999999999991,"nativo, sin decimacion"
grupo4_Inport_33,ver puerto y parametros del modelo,MC_R2_SFC_RELOJ_referencia_antisway/GF_FROM_TOP_HMI_ESTADO_33_P1_A_VISUALIZACION_,logsout{132}.Values,4231,0.0399999999999991,"nativo, sin decimacion"
grupo4_Inport_34,ver puerto y parametros del modelo,MC_R2_SFC_RELOJ_referencia_antisway/GF_FROM_TOP_HMI_ESTADO_34_P1_A_VISUALIZACION_,logsout{133}.Values,4231,0.0399999999999991,"nativo, sin decimacion"
grupo4_Inport_35,ver puerto y parametros del modelo,MC_R2_SFC_RELOJ_referencia_antisway/GF_FROM_TOP_HMI_ESTADO_35_P1_A_VISUALIZACION_,logsout{134}.Values,4231,0.0399999999999991,"nativo, sin decimacion"
grupo4_Inport_36,ver puerto y parametros del modelo,MC_R2_SFC_RELOJ_referencia_antisway/GF_FROM_TOP_HMI_ESTADO_36_P1_A_VISUALIZACION_,logsout{135}.Values,4231,0.0399999999999991,"nativo, sin decimacion"
grupo4_Inport_37,ver puerto y parametros del modelo,MC_R2_SFC_RELOJ_referencia_antisway/GF_FROM_TOP_HMI_ESTADO_37_P1_A_VISUALIZACION_,logsout{136}.Values,4231,0.0399999999999991,"nativo, sin decimacion"
grupo4_Inport_38,ver puerto y parametros del modelo,MC_R2_SFC_RELOJ_referencia_antisway/GF_FROM_TOP_HMI_ESTADO_38_P1_A_VISUALIZACION_,logsout{137}.Values,4231,0.0399999999999991,"nativo, sin decimacion"
grupo4_Inport_39,ver puerto y parametros del modelo,MC_R2_SFC_RELOJ_referencia_antisway/GF_FROM_TOP_HMI_ESTADO_39_P1_A_VISUALIZACION_,logsout{138}.Values,4231,0.0399999999999991,"nativo, sin decimacion"
grupo4_Inport_40,ver puerto y parametros del modelo,MC_R2_SFC_RELOJ_referencia_antisway/GF_FROM_TOP_HMI_ESTADO_40_P1_A_VISUALIZACION_,logsout{139}.Values,4231,0.0399999999999991,"nativo, sin decimacion"
grupo4_Inport_41,ver puerto y parametros del modelo,MC_R2_SFC_RELOJ_referencia_antisway/GF_FROM_TOP_HMI_ESTADO_41_P1_A_VISUALIZACION_,logsout{140}.Values,4231,0.0399999999999991,"nativo, sin decimacion"
grupo5_Inport_01,ver puerto y parametros del modelo,MC_R2_SFC_RELOJ_referencia_antisway/GF_FROM_TOP_Habilitacion_par_izaje_P1_A_Plant,logsout{141}.Values,169201,0.00100000000000477,"nativo, sin decimacion"
grupo5_Inport_02,ver puerto y parametros del modelo,MC_R2_SFC_RELOJ_referencia_antisway/GF_FROM_TOP_Habilitacion_par_trolley_P1_A_Pla,logsout{142}.Values,169201,0.00100000000000477,"nativo, sin decimacion"
grupo3_Inport_06,ver puerto y parametros del modelo,MC_R2_SFC_RELOJ_referencia_antisway/GF_FROM_TOP_Histeresis_F_hw_P1_A_PICK_PLACE,logsout{143}.Values,169201,0.00100000000000477,"nativo, sin decimacion"
grupo3_Inport_05,ver puerto y parametros del modelo,MC_R2_SFC_RELOJ_referencia_antisway/GF_FROM_TOP_Histeresis_contacto_P1_A_PICK_PLA,logsout{144}.Values,169201,0.00100000000000477,"nativo, sin decimacion"
grupo5_Inport_07,ver puerto y parametros del modelo,MC_R2_SFC_RELOJ_referencia_antisway/GF_FROM_TOP_MASS_loaded_gate_P1_A_Planta,logsout{145}.Values,531440,0.000333333333330188,"nativo, sin decimacion"
grupo6_Inport_01,ver puerto y parametros del modelo,MC_R2_SFC_RELOJ_referencia_antisway/GF_FROM_TOP_MASS_profile_lookup_P1_A_MASS_lat,logsout{146}.Values,531440,0.000333333333330188,"nativo, sin decimacion"
grupo5_Inport_04,ver puerto y parametros del modelo,MC_R2_SFC_RELOJ_referencia_antisway/GF_FROM_TOP_N0_GATE_BRK_HE_P1_A_Planta,logsout{147}.Values,8461,0.0199999999999996,"nativo, sin decimacion"
grupo5_Inport_05,ver puerto y parametros del modelo,MC_R2_SFC_RELOJ_referencia_antisway/GF_FROM_TOP_N0_GATE_BRK_H_P1_A_Planta,logsout{148}.Values,8461,0.0199999999999996,"nativo, sin decimacion"
diag_brake_effective,ver puerto y parametros del modelo,MC_R2_SFC_RELOJ_referencia_antisway/GF_FROM_TOP_N0_GATE_BRK_T_P1_A_Planta,logsout{149}.Values,8461,0.0199999999999996,"nativo, sin decimacion"
grupo6_Inport_02,ver puerto y parametros del modelo,MC_R2_SFC_RELOJ_referencia_antisway/GF_FROM_TOP_PICK_PLACE_P4_A_MASS_loaded_gate,logsout{150}.Values,531440,0.000333333333330188,"nativo, sin decimacion"
grupo2_Inport_08,ver puerto y parametros del modelo,MC_R2_SFC_RELOJ_referencia_antisway/GF_FROM_TOP_Unit_Delay1_P1_A_SENSORES,logsout{151}.Values,507601,0.000333333333330188,"nativo, sin decimacion"
grupo5_Inport_06,ver puerto y parametros del modelo,MC_R2_SFC_RELOJ_referencia_antisway/GF_FROM_TOP_Unit_Delay_P1_A_Planta,logsout{152}.Values,507601,0.000333333333330188,"nativo, sin decimacion"
grupo4_Inport_01,ver puerto y parametros del modelo,MC_R2_SFC_RELOJ_referencia_antisway/GF_FROM_TOP_VIS_ZOH_01_P1_A_VISUALIZACION_2D_,logsout{153}.Values,4231,0.0399999999999991,"nativo, sin decimacion"
grupo4_Inport_02,ver puerto y parametros del modelo,MC_R2_SFC_RELOJ_referencia_antisway/GF_FROM_TOP_VIS_ZOH_02_P1_A_VISUALIZACION_2D_,logsout{154}.Values,4231,0.0399999999999991,"nativo, sin decimacion"
grupo4_Inport_03,ver puerto y parametros del modelo,MC_R2_SFC_RELOJ_referencia_antisway/GF_FROM_TOP_VIS_ZOH_03_P1_A_VISUALIZACION_2D_,logsout{155}.Values,4231,0.0399999999999991,"nativo, sin decimacion"
grupo4_Inport_04,ver puerto y parametros del modelo,MC_R2_SFC_RELOJ_referencia_antisway/GF_FROM_TOP_VIS_ZOH_04_P1_A_VISUALIZACION_2D_,logsout{156}.Values,4231,0.0399999999999991,"nativo, sin decimacion"
grupo4_Inport_05,ver puerto y parametros del modelo,MC_R2_SFC_RELOJ_referencia_antisway/GF_FROM_TOP_VIS_ZOH_05_P1_A_VISUALIZACION_2D_,logsout{157}.Values,4231,0.0399999999999991,"nativo, sin decimacion"
grupo4_Inport_06,ver puerto y parametros del modelo,MC_R2_SFC_RELOJ_referencia_antisway/GF_FROM_TOP_VIS_ZOH_06_P1_A_VISUALIZACION_2D_,logsout{158}.Values,4231,0.0399999999999991,"nativo, sin decimacion"
grupo4_Inport_07,ver puerto y parametros del modelo,MC_R2_SFC_RELOJ_referencia_antisway/GF_FROM_TOP_VIS_ZOH_07_P1_A_VISUALIZACION_2D_,logsout{159}.Values,4231,0.0399999999999991,"nativo, sin decimacion"
grupo4_Inport_08,ver puerto y parametros del modelo,MC_R2_SFC_RELOJ_referencia_antisway/GF_FROM_TOP_VIS_ZOH_08_P1_A_VISUALIZACION_2D_,logsout{160}.Values,4231,0.0399999999999991,"nativo, sin decimacion"
grupo4_Inport_09,ver puerto y parametros del modelo,MC_R2_SFC_RELOJ_referencia_antisway/GF_FROM_TOP_VIS_ZOH_09_P1_A_VISUALIZACION_2D_,logsout{161}.Values,4231,0.0399999999999991,"nativo, sin decimacion"
diag_xref_input,m,MC_R2_SFC_RELOJ_referencia_antisway/GF_FROM_TOP_Zero_Order_Hold6_P1_A_Subsystem,logsout{162}.Values,169201,0.00100000000000477,"nativo, sin decimacion"
diag_vref_input,m/s,MC_R2_SFC_RELOJ_referencia_antisway/GF_FROM_TOP_Zero_Order_Hold7_P1_A_Subsystem,logsout{163}.Values,169201,0.00100000000000477,"nativo, sin decimacion"
diag_aref_input,m/s^2,MC_R2_SFC_RELOJ_referencia_antisway/GF_FROM_TOP_Zero_Order_Hold8_P1_A_Subsystem,logsout{164}.Values,169201,0.00100000000000477,"nativo, sin decimacion"
grupo8_Inport_01,ver puerto y parametros del modelo,MC_R2_SFC_RELOJ_referencia_antisway/GF_FROM_TOP_Zero_Order_Hold_P1_A_Subsystem,logsout{165}.Values,169201,0.00100000000000477,"nativo, sin decimacion"
grupo3_Inport_02,ver puerto y parametros del modelo,MC_R2_SFC_RELOJ_referencia_antisway/GF_FROM_TOP_slot_x_l_P1_A_PICK_PLACE,logsout{166}.Values,531440,0.000333333333330188,"nativo, sin decimacion"
grupo3_Inport_03,ver puerto y parametros del modelo,MC_R2_SFC_RELOJ_referencia_antisway/GF_FROM_TOP_slot_x_l_P2_A_PICK_PLACE,logsout{167}.Values,531440,0.000333333333330188,"nativo, sin decimacion"
grupo7_Inport_01.force,ver puerto y parametros del modelo,MC_R2_SFC_RELOJ_referencia_antisway/Interfaz MC,logsout{168}.Values.force,169201,0.00100000000000477,"nativo, sin decimacion"
grupo7_Inport_01.motorAngleT,rad,MC_R2_SFC_RELOJ_referencia_antisway/Interfaz MC,logsout{168}.Values.motorAngleT,169201,0.00100000000000477,"nativo, sin decimacion"
grupo7_Inport_01.motorAngleH,rad,MC_R2_SFC_RELOJ_referencia_antisway/Interfaz MC,logsout{168}.Values.motorAngleH,169201,0.00100000000000477,"nativo, sin decimacion"
grupo7_Inport_01.theta,rad,MC_R2_SFC_RELOJ_referencia_antisway/Interfaz MC,logsout{168}.Values.theta,169201,0.00100000000000477,"nativo, sin decimacion"
grupo7_Inport_02.xRef,m,MC_R2_SFC_RELOJ_referencia_antisway/Interfaz MC,logsout{169}.Values.xRef,169201,0.00100000000000477,"nativo, sin decimacion"
grupo7_Inport_02.vRef,m/s,MC_R2_SFC_RELOJ_referencia_antisway/Interfaz MC,logsout{169}.Values.vRef,169201,0.00100000000000477,"nativo, sin decimacion"
grupo7_Inport_02.aRef,m/s^2,MC_R2_SFC_RELOJ_referencia_antisway/Interfaz MC,logsout{169}.Values.aRef,169201,0.00100000000000477,"nativo, sin decimacion"
grupo7_Inport_02.hoistVelocityRef,m,MC_R2_SFC_RELOJ_referencia_antisway/Interfaz MC,logsout{169}.Values.hoistVelocityRef,169201,0.00100000000000477,"nativo, sin decimacion"
grupo7_Inport_02.hoistAccelerationRef,ver puerto y parametros del modelo,MC_R2_SFC_RELOJ_referencia_antisway/Interfaz MC,logsout{169}.Values.hoistAccelerationRef,169201,0.00100000000000477,"nativo, sin decimacion"
grupo7_Inport_02.swTransfer,ver puerto y parametros del modelo,MC_R2_SFC_RELOJ_referencia_antisway/Interfaz MC,logsout{169}.Values.swTransfer,169201,0.00100000000000477,"nativo, sin decimacion"
grupo7_Inport_03.brakeOpen,ver puerto y parametros del modelo,MC_R2_SFC_RELOJ_referencia_antisway/Interfaz MC,logsout{170}.Values.brakeOpen,169201,0.00100000000000477,"nativo, sin decimacion"
grupo7_Inport_03.E,ver puerto y parametros del modelo,MC_R2_SFC_RELOJ_referencia_antisway/Interfaz MC,logsout{170}.Values.E,169201,0.00100000000000477,"nativo, sin decimacion"
grupo7_Inport_04.deltaTorqueDelayed,N m,MC_R2_SFC_RELOJ_referencia_antisway/Interfaz MC,logsout{171}.Values.deltaTorqueDelayed,169201,0.00100000000000477,"nativo, sin decimacion"
v_ref,m/s,MC_R2_SFC_RELOJ_referencia_antisway/Interfaz MC/vRef,logsout{172}.Values,169201,0.00100000000000477,"nativo, sin decimacion"
grupo6_Outport_01,ver puerto y parametros del modelo,MC_R2_SFC_RELOJ_referencia_antisway/MASS_latch_pick,logsout{173}.Values,169201,0.00100000000000477,"nativo, sin decimacion"
aw_delta_torque_memoria,N m,MC_R2_SFC_RELOJ_referencia_antisway/Memoria recorte torque AW,logsout{174}.Values,169201,0.00100000000000477,"nativo, sin decimacion"
grupo7_Outport_01,ver puerto y parametros del modelo,MC_R2_SFC_RELOJ_referencia_antisway/Motion Controller,logsout{175}.Values,169201,0.00100000000000477,"nativo, sin decimacion"
grupo7_Outport_02,ver puerto y parametros del modelo,MC_R2_SFC_RELOJ_referencia_antisway/Motion Controller,logsout{176}.Values,169201,0.00100000000000477,"nativo, sin decimacion"
grupo7_Outport_03,ver puerto y parametros del modelo,MC_R2_SFC_RELOJ_referencia_antisway/Motion Controller,logsout{177}.Values,169201,0.00100000000000477,"nativo, sin decimacion"
grupo7_Outport_04.x,ver puerto y parametros del modelo,MC_R2_SFC_RELOJ_referencia_antisway/Motion Controller,logsout{178}.Values.x,169201,0.00100000000000477,"nativo, sin decimacion"
grupo7_Outport_04.omegaDrum,rad/s,MC_R2_SFC_RELOJ_referencia_antisway/Motion Controller,logsout{178}.Values.omegaDrum,169201,0.00100000000000477,"nativo, sin decimacion"
grupo7_Outport_04.velocity,ver puerto y parametros del modelo,MC_R2_SFC_RELOJ_referencia_antisway/Motion Controller,logsout{178}.Values.velocity,169201,0.00100000000000477,"nativo, sin decimacion"
grupo7_Outport_04.observerAngle,rad,MC_R2_SFC_RELOJ_referencia_antisway/Motion Controller,logsout{178}.Values.observerAngle,169201,0.00100000000000477,"nativo, sin decimacion"
grupo7_Outport_05.length,ver puerto y parametros del modelo,MC_R2_SFC_RELOJ_referencia_antisway/Motion Controller,logsout{179}.Values.length,169201,0.00100000000000477,"nativo, sin decimacion"
grupo7_Outport_05.lengthRate,ver puerto y parametros del modelo,MC_R2_SFC_RELOJ_referencia_antisway/Motion Controller,logsout{179}.Values.lengthRate,169201,0.00100000000000477,"nativo, sin decimacion"
grupo7_Outport_05.omegaDrum,rad/s,MC_R2_SFC_RELOJ_referencia_antisway/Motion Controller,logsout{179}.Values.omegaDrum,169201,0.00100000000000477,"nativo, sin decimacion"
grupo7_Outport_05.observerAngle,rad,MC_R2_SFC_RELOJ_referencia_antisway/Motion Controller,logsout{179}.Values.observerAngle,169201,0.00100000000000477,"nativo, sin decimacion"
grupo7_Outport_06.diag_torque_unsat,N m,MC_R2_SFC_RELOJ_referencia_antisway/Motion Controller,logsout{180}.Values.diag_torque_unsat,169201,0.00100000000000477,"nativo, sin decimacion"
grupo7_Outport_06.diag_vcmd,m/s,MC_R2_SFC_RELOJ_referencia_antisway/Motion Controller,logsout{180}.Values.diag_vcmd,169201,0.00100000000000477,"nativo, sin decimacion"
grupo7_Outport_06.diag_vcmd_applied,m/s,MC_R2_SFC_RELOJ_referencia_antisway/Motion Controller,logsout{180}.Values.diag_vcmd_applied,169201,0.00100000000000477,"nativo, sin decimacion"
grupo7_Outport_06.diag_vobs,m/s,MC_R2_SFC_RELOJ_referencia_antisway/Motion Controller,logsout{180}.Values.diag_vobs,169201,0.00100000000000477,"nativo, sin decimacion"
grupo7_Outport_06.diag_integral,ver puerto y parametros del modelo,MC_R2_SFC_RELOJ_referencia_antisway/Motion Controller,logsout{180}.Values.diag_integral,169201,0.00100000000000477,"nativo, sin decimacion"
grupo7_Outport_06.diag_p,ver puerto y parametros del modelo,MC_R2_SFC_RELOJ_referencia_antisway/Motion Controller,logsout{180}.Values.diag_p,169201,0.00100000000000477,"nativo, sin decimacion"
grupo7_Outport_06.diag_i,ver puerto y parametros del modelo,MC_R2_SFC_RELOJ_referencia_antisway/Motion Controller,logsout{180}.Values.diag_i,169201,0.00100000000000477,"nativo, sin decimacion"
grupo7_Outport_06.diag_acmd,m/s^2,MC_R2_SFC_RELOJ_referencia_antisway/Motion Controller,logsout{180}.Values.diag_acmd,169201,0.00100000000000477,"nativo, sin decimacion"
grupo7_Outport_06.diag_acmd_applied,m/s^2,MC_R2_SFC_RELOJ_referencia_antisway/Motion Controller,logsout{180}.Values.diag_acmd_applied,169201,0.00100000000000477,"nativo, sin decimacion"
grupo7_Outport_06.diag_ev,ver puerto y parametros del modelo,MC_R2_SFC_RELOJ_referencia_antisway/Motion Controller,logsout{180}.Values.diag_ev,169201,0.00100000000000477,"nativo, sin decimacion"
grupo7_Outport_06.aw_delta_a_limite,m/s^2,MC_R2_SFC_RELOJ_referencia_antisway/Motion Controller,logsout{180}.Values.aw_delta_a_limite,169201,0.00100000000000477,"nativo, sin decimacion"
grupo7_Outport_06.aw_delta_a_limite_memoria,m/s^2,MC_R2_SFC_RELOJ_referencia_antisway/Motion Controller,logsout{180}.Values.aw_delta_a_limite_memoria,169201,0.00100000000000477,"nativo, sin decimacion"
grupo7_Outport_06.aw_delta_a_torque,N m,MC_R2_SFC_RELOJ_referencia_antisway/Motion Controller,logsout{180}.Values.aw_delta_a_torque,169201,0.00100000000000477,"nativo, sin decimacion"
grupo7_Outport_06.aw_delta_a_total,m/s^2,MC_R2_SFC_RELOJ_referencia_antisway/Motion Controller,logsout{180}.Values.aw_delta_a_total,169201,0.00100000000000477,"nativo, sin decimacion"
grupo7_Outport_06.aw_correccion_integrador,ver puerto y parametros del modelo,MC_R2_SFC_RELOJ_referencia_antisway/Motion Controller,logsout{180}.Values.aw_correccion_integrador,169201,0.00100000000000477,"nativo, sin decimacion"
grupo7_Outport_06.mc_integrator_input,ver puerto y parametros del modelo,MC_R2_SFC_RELOJ_referencia_antisway/Motion Controller,logsout{180}.Values.mc_integrator_input,169201,0.00100000000000477,"nativo, sin decimacion"
grupo7_Outport_06.antisway_correccion_aplicada,m/s,MC_R2_SFC_RELOJ_referencia_antisway/Motion Controller,logsout{180}.Values.antisway_correccion_aplicada,169201,0.00100000000000477,"nativo, sin decimacion"
grupo7_Outport_06.sw_feedback_comun,m/s,MC_R2_SFC_RELOJ_referencia_antisway/Motion Controller,logsout{180}.Values.sw_feedback_comun,169201,0.00100000000000477,"nativo, sin decimacion"
grupo7_Outport_06.sw_anticipacion_comun,m/s,MC_R2_SFC_RELOJ_referencia_antisway/Motion Controller,logsout{180}.Values.sw_anticipacion_comun,169201,0.00100000000000477,"nativo, sin decimacion"
grupo7_Outport_06.sw_habilitacion_comun,ver puerto y parametros del modelo,MC_R2_SFC_RELOJ_referencia_antisway/Motion Controller,logsout{180}.Values.sw_habilitacion_comun,169201,0.00100000000000477,"nativo, sin decimacion"
grupo7_Outport_06.diag_sw_unsat,ver puerto y parametros del modelo,MC_R2_SFC_RELOJ_referencia_antisway/Motion Controller,logsout{180}.Values.diag_sw_unsat,169201,0.00100000000000477,"nativo, sin decimacion"
grupo7_Outport_06.diag_sw_gain,ver puerto y parametros del modelo,MC_R2_SFC_RELOJ_referencia_antisway/Motion Controller,logsout{180}.Values.diag_sw_gain,169201,0.00100000000000477,"nativo, sin decimacion"
grupo7_Outport_06.angulo_referencia,rad,MC_R2_SFC_RELOJ_referencia_antisway/Motion Controller,logsout{180}.Values.angulo_referencia,169201,0.00100000000000477,"nativo, sin decimacion"
grupo7_Outport_06.diag_aff,m/s^2,MC_R2_SFC_RELOJ_referencia_antisway/Motion Controller,logsout{180}.Values.diag_aff,169201,0.00100000000000477,"nativo, sin decimacion"
grupo7_Outport_06.diag_xref_input,m,MC_R2_SFC_RELOJ_referencia_antisway/Motion Controller,logsout{180}.Values.diag_xref_input,169201,0.00100000000000477,"nativo, sin decimacion"
grupo7_Outport_06.diag_vref_input,m/s,MC_R2_SFC_RELOJ_referencia_antisway/Motion Controller,logsout{180}.Values.diag_vref_input,169201,0.00100000000000477,"nativo, sin decimacion"
grupo7_Outport_06.diag_aref_input,m/s^2,MC_R2_SFC_RELOJ_referencia_antisway/Motion Controller,logsout{180}.Values.diag_aref_input,169201,0.00100000000000477,"nativo, sin decimacion"
grupo7_Outport_06.diag_xencoder,m,MC_R2_SFC_RELOJ_referencia_antisway/Motion Controller,logsout{180}.Values.diag_xencoder,169201,0.00100000000000477,"nativo, sin decimacion"
grupo7_Outport_06.diag_omega_observer,rad/s,MC_R2_SFC_RELOJ_referencia_antisway/Motion Controller,logsout{180}.Values.diag_omega_observer,169201,0.00100000000000477,"nativo, sin decimacion"
grupo7_Outport_06.diag_theta_medida,rad,MC_R2_SFC_RELOJ_referencia_antisway/Motion Controller,logsout{180}.Values.diag_theta_medida,169201,0.00100000000000477,"nativo, sin decimacion"
grupo7_Outport_06.diag_theta_eff,rad,MC_R2_SFC_RELOJ_referencia_antisway/Motion Controller,logsout{180}.Values.diag_theta_eff,169201,0.00100000000000477,"nativo, sin decimacion"
grupo7_Outport_06.diag_brake_supervisor,ver puerto y parametros del modelo,MC_R2_SFC_RELOJ_referencia_antisway/Motion Controller,logsout{180}.Values.diag_brake_supervisor,169201,0.00100000000000477,"nativo, sin decimacion"
grupo7_Outport_06.ensayo_vcmd_sum,m/s,MC_R2_SFC_RELOJ_referencia_antisway/Motion Controller,logsout{180}.Values.ensayo_vcmd_sum,169201,0.00100000000000477,"nativo, sin decimacion"
grupo7_Outport_06.ensayo_sw_limitada,m/s,MC_R2_SFC_RELOJ_referencia_antisway/Motion Controller,logsout{180}.Values.ensayo_sw_limitada,169201,0.00100000000000477,"nativo, sin decimacion"
grupo7_Outport_07.torque_izaje_consigna_controlador,N m,MC_R2_SFC_RELOJ_referencia_antisway/Motion Controller,logsout{181}.Values.torque_izaje_consigna_controlador,169201,0.00100000000000477,"nativo, sin decimacion"
grupo7_Outport_07.mc_hoist_velocity_error,ver puerto y parametros del modelo,MC_R2_SFC_RELOJ_referencia_antisway/Motion Controller,logsout{181}.Values.mc_hoist_velocity_error,169201,0.00100000000000477,"nativo, sin decimacion"
grupo7_Outport_07.mc_hoist_integral1,ver puerto y parametros del modelo,MC_R2_SFC_RELOJ_referencia_antisway/Motion Controller,logsout{181}.Values.mc_hoist_integral1,169201,0.00100000000000477,"nativo, sin decimacion"
grupo7_Outport_07.mc_hoist_integral2,ver puerto y parametros del modelo,MC_R2_SFC_RELOJ_referencia_antisway/Motion Controller,logsout{181}.Values.mc_hoist_integral2,169201,0.00100000000000477,"nativo, sin decimacion"
grupo7_Outport_07.mc_hoist_P,ver puerto y parametros del modelo,MC_R2_SFC_RELOJ_referencia_antisway/Motion Controller,logsout{181}.Values.mc_hoist_P,169201,0.00100000000000477,"nativo, sin decimacion"
grupo7_Outport_07.mc_hoist_D,ver puerto y parametros del modelo,MC_R2_SFC_RELOJ_referencia_antisway/Motion Controller,logsout{181}.Values.mc_hoist_D,169201,0.00100000000000477,"nativo, sin decimacion"
grupo7_Outport_07.mc_hoist_I,ver puerto y parametros del modelo,MC_R2_SFC_RELOJ_referencia_antisway/Motion Controller,logsout{181}.Values.mc_hoist_I,169201,0.00100000000000477,"nativo, sin decimacion"
grupo7_Outport_07.mc_hoist_FF,ver puerto y parametros del modelo,MC_R2_SFC_RELOJ_referencia_antisway/Motion Controller,logsout{181}.Values.mc_hoist_FF,169201,0.00100000000000477,"nativo, sin decimacion"
angulo_referencia,rad,MC_R2_SFC_RELOJ_referencia_antisway/Motion Controller/Diagnosticos/Diagnosticos carro selector,logsout{182}.Values,169201,0.00100000000000477,"nativo, sin decimacion"
antisway_calculada,m/s,MC_R2_SFC_RELOJ_referencia_antisway/Motion Controller/Diagnosticos/Diagnosticos carro selector,logsout{183}.Values,169201,0.00100000000000477,"nativo, sin decimacion"
antisway_limitada,m/s,MC_R2_SFC_RELOJ_referencia_antisway/Motion Controller/Diagnosticos/Diagnosticos carro selector,logsout{184}.Values,169201,0.00100000000000477,"nativo, sin decimacion"
mc_antisway_correccion_aplicada,m/s,MC_R2_SFC_RELOJ_referencia_antisway/Motion Controller/Diagnosticos/Diagnosticos carro selector,logsout{185}.Values,169201,0.00100000000000477,"nativo, sin decimacion"
mc_aw_correccion_integrador,ver puerto y parametros del modelo,MC_R2_SFC_RELOJ_referencia_antisway/Motion Controller/Diagnosticos/Diagnosticos carro selector,logsout{186}.Values,169201,0.00100000000000477,"nativo, sin decimacion"
mc_aw_delta_a_limite,m/s^2,MC_R2_SFC_RELOJ_referencia_antisway/Motion Controller/Diagnosticos/Diagnosticos carro selector,logsout{187}.Values,169201,0.00100000000000477,"nativo, sin decimacion"
mc_aw_delta_a_limite_memoria,m/s^2,MC_R2_SFC_RELOJ_referencia_antisway/Motion Controller/Diagnosticos/Diagnosticos carro selector,logsout{188}.Values,169201,0.00100000000000477,"nativo, sin decimacion"
mc_aw_delta_a_torque,N m,MC_R2_SFC_RELOJ_referencia_antisway/Motion Controller/Diagnosticos/Diagnosticos carro selector,logsout{189}.Values,169201,0.00100000000000477,"nativo, sin decimacion"
mc_aw_delta_a_total,m/s^2,MC_R2_SFC_RELOJ_referencia_antisway/Motion Controller/Diagnosticos/Diagnosticos carro selector,logsout{190}.Values,169201,0.00100000000000477,"nativo, sin decimacion"
mc_diag_acmd,m/s^2,MC_R2_SFC_RELOJ_referencia_antisway/Motion Controller/Diagnosticos/Diagnosticos carro selector,logsout{191}.Values,169201,0.00100000000000477,"nativo, sin decimacion"
mc_diag_acmd_applied,m/s^2,MC_R2_SFC_RELOJ_referencia_antisway/Motion Controller/Diagnosticos/Diagnosticos carro selector,logsout{192}.Values,169201,0.00100000000000477,"nativo, sin decimacion"
mc_diag_aff,m/s^2,MC_R2_SFC_RELOJ_referencia_antisway/Motion Controller/Diagnosticos/Diagnosticos carro selector,logsout{193}.Values,169201,0.00100000000000477,"nativo, sin decimacion"
mc_diag_aref_input,m/s^2,MC_R2_SFC_RELOJ_referencia_antisway/Motion Controller/Diagnosticos/Diagnosticos carro selector,logsout{194}.Values,169201,0.00100000000000477,"nativo, sin decimacion"
mc_diag_brake_supervisor,ver puerto y parametros del modelo,MC_R2_SFC_RELOJ_referencia_antisway/Motion Controller/Diagnosticos/Diagnosticos carro selector,logsout{195}.Values,169201,0.00100000000000477,"nativo, sin decimacion"
mc_diag_ev,ver puerto y parametros del modelo,MC_R2_SFC_RELOJ_referencia_antisway/Motion Controller/Diagnosticos/Diagnosticos carro selector,logsout{196}.Values,169201,0.00100000000000477,"nativo, sin decimacion"
mc_diag_i,ver puerto y parametros del modelo,MC_R2_SFC_RELOJ_referencia_antisway/Motion Controller/Diagnosticos/Diagnosticos carro selector,logsout{197}.Values,169201,0.00100000000000477,"nativo, sin decimacion"
mc_diag_integral,ver puerto y parametros del modelo,MC_R2_SFC_RELOJ_referencia_antisway/Motion Controller/Diagnosticos/Diagnosticos carro selector,logsout{198}.Values,169201,0.00100000000000477,"nativo, sin decimacion"
mc_diag_omega_observer,rad/s,MC_R2_SFC_RELOJ_referencia_antisway/Motion Controller/Diagnosticos/Diagnosticos carro selector,logsout{199}.Values,169201,0.00100000000000477,"nativo, sin decimacion"
mc_diag_p,ver puerto y parametros del modelo,MC_R2_SFC_RELOJ_referencia_antisway/Motion Controller/Diagnosticos/Diagnosticos carro selector,logsout{200}.Values,169201,0.00100000000000477,"nativo, sin decimacion"
mc_diag_sw_gain,ver puerto y parametros del modelo,MC_R2_SFC_RELOJ_referencia_antisway/Motion Controller/Diagnosticos/Diagnosticos carro selector,logsout{201}.Values,169201,0.00100000000000477,"nativo, sin decimacion"
mc_diag_theta_eff,rad,MC_R2_SFC_RELOJ_referencia_antisway/Motion Controller/Diagnosticos/Diagnosticos carro selector,logsout{202}.Values,169201,0.00100000000000477,"nativo, sin decimacion"
mc_diag_theta_medida,rad,MC_R2_SFC_RELOJ_referencia_antisway/Motion Controller/Diagnosticos/Diagnosticos carro selector,logsout{203}.Values,169201,0.00100000000000477,"nativo, sin decimacion"
mc_diag_torque_unsat,N m,MC_R2_SFC_RELOJ_referencia_antisway/Motion Controller/Diagnosticos/Diagnosticos carro selector,logsout{204}.Values,169201,0.00100000000000477,"nativo, sin decimacion"
mc_diag_vcmd,m/s,MC_R2_SFC_RELOJ_referencia_antisway/Motion Controller/Diagnosticos/Diagnosticos carro selector,logsout{205}.Values,169201,0.00100000000000477,"nativo, sin decimacion"
mc_diag_vcmd_applied,m/s,MC_R2_SFC_RELOJ_referencia_antisway/Motion Controller/Diagnosticos/Diagnosticos carro selector,logsout{206}.Values,169201,0.00100000000000477,"nativo, sin decimacion"
mc_diag_vobs,m/s,MC_R2_SFC_RELOJ_referencia_antisway/Motion Controller/Diagnosticos/Diagnosticos carro selector,logsout{207}.Values,169201,0.00100000000000477,"nativo, sin decimacion"
mc_diag_vref_input,m/s,MC_R2_SFC_RELOJ_referencia_antisway/Motion Controller/Diagnosticos/Diagnosticos carro selector,logsout{208}.Values,169201,0.00100000000000477,"nativo, sin decimacion"
mc_diag_xencoder,m,MC_R2_SFC_RELOJ_referencia_antisway/Motion Controller/Diagnosticos/Diagnosticos carro selector,logsout{209}.Values,169201,0.00100000000000477,"nativo, sin decimacion"
mc_diag_xref_input,m,MC_R2_SFC_RELOJ_referencia_antisway/Motion Controller/Diagnosticos/Diagnosticos carro selector,logsout{210}.Values,169201,0.00100000000000477,"nativo, sin decimacion"
mc_mc_integrator_input,ver puerto y parametros del modelo,MC_R2_SFC_RELOJ_referencia_antisway/Motion Controller/Diagnosticos/Diagnosticos carro selector,logsout{211}.Values,169201,0.00100000000000477,"nativo, sin decimacion"
mc_sw_anticipacion_comun,m/s,MC_R2_SFC_RELOJ_referencia_antisway/Motion Controller/Diagnosticos/Diagnosticos carro selector,logsout{212}.Values,169201,0.00100000000000477,"nativo, sin decimacion"
mc_sw_feedback_comun,m/s,MC_R2_SFC_RELOJ_referencia_antisway/Motion Controller/Diagnosticos/Diagnosticos carro selector,logsout{213}.Values,169201,0.00100000000000477,"nativo, sin decimacion"
mc_sw_habilitacion_comun,ver puerto y parametros del modelo,MC_R2_SFC_RELOJ_referencia_antisway/Motion Controller/Diagnosticos/Diagnosticos carro selector,logsout{214}.Values,169201,0.00100000000000477,"nativo, sin decimacion"
v_cmd,m/s,MC_R2_SFC_RELOJ_referencia_antisway/Motion Controller/Diagnosticos/Diagnosticos carro selector,logsout{215}.Values,169201,0.00100000000000477,"nativo, sin decimacion"
mc_hoist_D,ver puerto y parametros del modelo,MC_R2_SFC_RELOJ_referencia_antisway/Motion Controller/Diagnosticos/Diagnosticos izaje selector,logsout{216}.Values,169201,0.00100000000000477,"nativo, sin decimacion"
mc_hoist_FF,ver puerto y parametros del modelo,MC_R2_SFC_RELOJ_referencia_antisway/Motion Controller/Diagnosticos/Diagnosticos izaje selector,logsout{217}.Values,169201,0.00100000000000477,"nativo, sin decimacion"
mc_hoist_I,ver puerto y parametros del modelo,MC_R2_SFC_RELOJ_referencia_antisway/Motion Controller/Diagnosticos/Diagnosticos izaje selector,logsout{218}.Values,169201,0.00100000000000477,"nativo, sin decimacion"
mc_hoist_P,ver puerto y parametros del modelo,MC_R2_SFC_RELOJ_referencia_antisway/Motion Controller/Diagnosticos/Diagnosticos izaje selector,logsout{219}.Values,169201,0.00100000000000477,"nativo, sin decimacion"
mc_hoist_integral1,ver puerto y parametros del modelo,MC_R2_SFC_RELOJ_referencia_antisway/Motion Controller/Diagnosticos/Diagnosticos izaje selector,logsout{220}.Values,169201,0.00100000000000477,"nativo, sin decimacion"
mc_hoist_integral2,ver puerto y parametros del modelo,MC_R2_SFC_RELOJ_referencia_antisway/Motion Controller/Diagnosticos/Diagnosticos izaje selector,logsout{221}.Values,169201,0.00100000000000477,"nativo, sin decimacion"
mc_hoist_velocity_error,ver puerto y parametros del modelo,MC_R2_SFC_RELOJ_referencia_antisway/Motion Controller/Diagnosticos/Diagnosticos izaje selector,logsout{222}.Values,169201,0.00100000000000477,"nativo, sin decimacion"
torque_izaje_consigna_controlador,N m,MC_R2_SFC_RELOJ_referencia_antisway/Motion Controller/Diagnosticos/Diagnosticos izaje selector,logsout{223}.Values,169201,0.00100000000000477,"nativo, sin decimacion"
antisway_efectiva,m/s,MC_R2_SFC_RELOJ_referencia_antisway/Motion Controller/MC Carro,logsout{224}.Values,169201,0.00100000000000477,"nativo, sin decimacion"
diagnosticos_carro.diag_torque_unsat,N m,MC_R2_SFC_RELOJ_referencia_antisway/Motion Controller/MC Carro,logsout{225}.Values.diag_torque_unsat,169201,0.00100000000000477,"nativo, sin decimacion"
diagnosticos_carro.diag_vcmd,m/s,MC_R2_SFC_RELOJ_referencia_antisway/Motion Controller/MC Carro,logsout{225}.Values.diag_vcmd,169201,0.00100000000000477,"nativo, sin decimacion"
diagnosticos_carro.diag_vcmd_applied,m/s,MC_R2_SFC_RELOJ_referencia_antisway/Motion Controller/MC Carro,logsout{225}.Values.diag_vcmd_applied,169201,0.00100000000000477,"nativo, sin decimacion"
diagnosticos_carro.diag_vobs,m/s,MC_R2_SFC_RELOJ_referencia_antisway/Motion Controller/MC Carro,logsout{225}.Values.diag_vobs,169201,0.00100000000000477,"nativo, sin decimacion"
diagnosticos_carro.diag_integral,ver puerto y parametros del modelo,MC_R2_SFC_RELOJ_referencia_antisway/Motion Controller/MC Carro,logsout{225}.Values.diag_integral,169201,0.00100000000000477,"nativo, sin decimacion"
diagnosticos_carro.diag_p,ver puerto y parametros del modelo,MC_R2_SFC_RELOJ_referencia_antisway/Motion Controller/MC Carro,logsout{225}.Values.diag_p,169201,0.00100000000000477,"nativo, sin decimacion"
diagnosticos_carro.diag_i,ver puerto y parametros del modelo,MC_R2_SFC_RELOJ_referencia_antisway/Motion Controller/MC Carro,logsout{225}.Values.diag_i,169201,0.00100000000000477,"nativo, sin decimacion"
diagnosticos_carro.diag_acmd,m/s^2,MC_R2_SFC_RELOJ_referencia_antisway/Motion Controller/MC Carro,logsout{225}.Values.diag_acmd,169201,0.00100000000000477,"nativo, sin decimacion"
diagnosticos_carro.diag_acmd_applied,m/s^2,MC_R2_SFC_RELOJ_referencia_antisway/Motion Controller/MC Carro,logsout{225}.Values.diag_acmd_applied,169201,0.00100000000000477,"nativo, sin decimacion"
diagnosticos_carro.diag_ev,ver puerto y parametros del modelo,MC_R2_SFC_RELOJ_referencia_antisway/Motion Controller/MC Carro,logsout{225}.Values.diag_ev,169201,0.00100000000000477,"nativo, sin decimacion"
diagnosticos_carro.aw_delta_a_limite,m/s^2,MC_R2_SFC_RELOJ_referencia_antisway/Motion Controller/MC Carro,logsout{225}.Values.aw_delta_a_limite,169201,0.00100000000000477,"nativo, sin decimacion"
diagnosticos_carro.aw_delta_a_limite_memoria,m/s^2,MC_R2_SFC_RELOJ_referencia_antisway/Motion Controller/MC Carro,logsout{225}.Values.aw_delta_a_limite_memoria,169201,0.00100000000000477,"nativo, sin decimacion"
diagnosticos_carro.aw_delta_a_torque,N m,MC_R2_SFC_RELOJ_referencia_antisway/Motion Controller/MC Carro,logsout{225}.Values.aw_delta_a_torque,169201,0.00100000000000477,"nativo, sin decimacion"
diagnosticos_carro.aw_delta_a_total,m/s^2,MC_R2_SFC_RELOJ_referencia_antisway/Motion Controller/MC Carro,logsout{225}.Values.aw_delta_a_total,169201,0.00100000000000477,"nativo, sin decimacion"
diagnosticos_carro.aw_correccion_integrador,ver puerto y parametros del modelo,MC_R2_SFC_RELOJ_referencia_antisway/Motion Controller/MC Carro,logsout{225}.Values.aw_correccion_integrador,169201,0.00100000000000477,"nativo, sin decimacion"
diagnosticos_carro.mc_integrator_input,ver puerto y parametros del modelo,MC_R2_SFC_RELOJ_referencia_antisway/Motion Controller/MC Carro,logsout{225}.Values.mc_integrator_input,169201,0.00100000000000477,"nativo, sin decimacion"
diagnosticos_carro.antisway_correccion_aplicada,m/s,MC_R2_SFC_RELOJ_referencia_antisway/Motion Controller/MC Carro,logsout{225}.Values.antisway_correccion_aplicada,169201,0.00100000000000477,"nativo, sin decimacion"
diagnosticos_carro.sw_feedback_comun,m/s,MC_R2_SFC_RELOJ_referencia_antisway/Motion Controller/MC Carro,logsout{225}.Values.sw_feedback_comun,169201,0.00100000000000477,"nativo, sin decimacion"
diagnosticos_carro.sw_anticipacion_comun,m/s,MC_R2_SFC_RELOJ_referencia_antisway/Motion Controller/MC Carro,logsout{225}.Values.sw_anticipacion_comun,169201,0.00100000000000477,"nativo, sin decimacion"
diagnosticos_carro.sw_habilitacion_comun,ver puerto y parametros del modelo,MC_R2_SFC_RELOJ_referencia_antisway/Motion Controller/MC Carro,logsout{225}.Values.sw_habilitacion_comun,169201,0.00100000000000477,"nativo, sin decimacion"
diagnosticos_carro.diag_sw_unsat,ver puerto y parametros del modelo,MC_R2_SFC_RELOJ_referencia_antisway/Motion Controller/MC Carro,logsout{225}.Values.diag_sw_unsat,169201,0.00100000000000477,"nativo, sin decimacion"
diagnosticos_carro.diag_sw_gain,ver puerto y parametros del modelo,MC_R2_SFC_RELOJ_referencia_antisway/Motion Controller/MC Carro,logsout{225}.Values.diag_sw_gain,169201,0.00100000000000477,"nativo, sin decimacion"
diagnosticos_carro.angulo_referencia,rad,MC_R2_SFC_RELOJ_referencia_antisway/Motion Controller/MC Carro,logsout{225}.Values.angulo_referencia,169201,0.00100000000000477,"nativo, sin decimacion"
diagnosticos_carro.diag_aff,m/s^2,MC_R2_SFC_RELOJ_referencia_antisway/Motion Controller/MC Carro,logsout{225}.Values.diag_aff,169201,0.00100000000000477,"nativo, sin decimacion"
diagnosticos_carro.diag_xref_input,m,MC_R2_SFC_RELOJ_referencia_antisway/Motion Controller/MC Carro,logsout{225}.Values.diag_xref_input,169201,0.00100000000000477,"nativo, sin decimacion"
diagnosticos_carro.diag_vref_input,m/s,MC_R2_SFC_RELOJ_referencia_antisway/Motion Controller/MC Carro,logsout{225}.Values.diag_vref_input,169201,0.00100000000000477,"nativo, sin decimacion"
diagnosticos_carro.diag_aref_input,m/s^2,MC_R2_SFC_RELOJ_referencia_antisway/Motion Controller/MC Carro,logsout{225}.Values.diag_aref_input,169201,0.00100000000000477,"nativo, sin decimacion"
diagnosticos_carro.diag_xencoder,m,MC_R2_SFC_RELOJ_referencia_antisway/Motion Controller/MC Carro,logsout{225}.Values.diag_xencoder,169201,0.00100000000000477,"nativo, sin decimacion"
diagnosticos_carro.diag_omega_observer,rad/s,MC_R2_SFC_RELOJ_referencia_antisway/Motion Controller/MC Carro,logsout{225}.Values.diag_omega_observer,169201,0.00100000000000477,"nativo, sin decimacion"
diagnosticos_carro.diag_theta_medida,rad,MC_R2_SFC_RELOJ_referencia_antisway/Motion Controller/MC Carro,logsout{225}.Values.diag_theta_medida,169201,0.00100000000000477,"nativo, sin decimacion"
diagnosticos_carro.diag_theta_eff,rad,MC_R2_SFC_RELOJ_referencia_antisway/Motion Controller/MC Carro,logsout{225}.Values.diag_theta_eff,169201,0.00100000000000477,"nativo, sin decimacion"
diagnosticos_carro.diag_brake_supervisor,ver puerto y parametros del modelo,MC_R2_SFC_RELOJ_referencia_antisway/Motion Controller/MC Carro,logsout{225}.Values.diag_brake_supervisor,169201,0.00100000000000477,"nativo, sin decimacion"
diagnosticos_carro.ensayo_vcmd_sum,m/s,MC_R2_SFC_RELOJ_referencia_antisway/Motion Controller/MC Carro,logsout{225}.Values.ensayo_vcmd_sum,169201,0.00100000000000477,"nativo, sin decimacion"
diagnosticos_carro.ensayo_sw_limitada,m/s,MC_R2_SFC_RELOJ_referencia_antisway/Motion Controller/MC Carro,logsout{225}.Values.ensayo_sw_limitada,169201,0.00100000000000477,"nativo, sin decimacion"
torque_carro_consigna_controlador,N m,MC_R2_SFC_RELOJ_referencia_antisway/Motion Controller/MC Carro,logsout{226}.Values,169201,0.00100000000000477,"nativo, sin decimacion"
diagnosticos_izaje.torque_izaje_consigna_controlador,N m,MC_R2_SFC_RELOJ_referencia_antisway/Motion Controller/MC Izaje,logsout{227}.Values.torque_izaje_consigna_controlador,169201,0.00100000000000477,"nativo, sin decimacion"
diagnosticos_izaje.mc_hoist_velocity_error,ver puerto y parametros del modelo,MC_R2_SFC_RELOJ_referencia_antisway/Motion Controller/MC Izaje,logsout{227}.Values.mc_hoist_velocity_error,169201,0.00100000000000477,"nativo, sin decimacion"
diagnosticos_izaje.mc_hoist_integral1,ver puerto y parametros del modelo,MC_R2_SFC_RELOJ_referencia_antisway/Motion Controller/MC Izaje,logsout{227}.Values.mc_hoist_integral1,169201,0.00100000000000477,"nativo, sin decimacion"
diagnosticos_izaje.mc_hoist_integral2,ver puerto y parametros del modelo,MC_R2_SFC_RELOJ_referencia_antisway/Motion Controller/MC Izaje,logsout{227}.Values.mc_hoist_integral2,169201,0.00100000000000477,"nativo, sin decimacion"
diagnosticos_izaje.mc_hoist_P,ver puerto y parametros del modelo,MC_R2_SFC_RELOJ_referencia_antisway/Motion Controller/MC Izaje,logsout{227}.Values.mc_hoist_P,169201,0.00100000000000477,"nativo, sin decimacion"
diagnosticos_izaje.mc_hoist_D,ver puerto y parametros del modelo,MC_R2_SFC_RELOJ_referencia_antisway/Motion Controller/MC Izaje,logsout{227}.Values.mc_hoist_D,169201,0.00100000000000477,"nativo, sin decimacion"
diagnosticos_izaje.mc_hoist_I,ver puerto y parametros del modelo,MC_R2_SFC_RELOJ_referencia_antisway/Motion Controller/MC Izaje,logsout{227}.Values.mc_hoist_I,169201,0.00100000000000477,"nativo, sin decimacion"
diagnosticos_izaje.mc_hoist_FF,ver puerto y parametros del modelo,MC_R2_SFC_RELOJ_referencia_antisway/Motion Controller/MC Izaje,logsout{227}.Values.mc_hoist_FF,169201,0.00100000000000477,"nativo, sin decimacion"
torque_izaje_consigna_controlador,N m,MC_R2_SFC_RELOJ_referencia_antisway/Motion Controller/MC Izaje,logsout{228}.Values,169201,0.00100000000000477,"nativo, sin decimacion"
grupo3_Outport_01,ver puerto y parametros del modelo,MC_R2_SFC_RELOJ_referencia_antisway/PICK // PLACE,logsout{229}.Values,531440,0.000333333333330188,"nativo, sin decimacion"
grupo3_Outport_02,ver puerto y parametros del modelo,MC_R2_SFC_RELOJ_referencia_antisway/PICK // PLACE,logsout{230}.Values,531440,0.000333333333330188,"nativo, sin decimacion"
grupo3_Outport_03,ver puerto y parametros del modelo,MC_R2_SFC_RELOJ_referencia_antisway/PICK // PLACE,logsout{231}.Values,531440,0.000333333333330188,"nativo, sin decimacion"
grupo3_Outport_04,ver puerto y parametros del modelo,MC_R2_SFC_RELOJ_referencia_antisway/PICK // PLACE,logsout{232}.Values,531440,0.000333333333330188,"nativo, sin decimacion"
angulo_fisico,rad,MC_R2_SFC_RELOJ_referencia_antisway/Planta,logsout{233}.Values,531440,0.000333333333330188,"nativo, sin decimacion"
fuerza_contacto_fisica,N,MC_R2_SFC_RELOJ_referencia_antisway/Planta,logsout{234}.Values,531440,0.000333333333330188,"nativo, sin decimacion"
grupo5_Outport_01,ver puerto y parametros del modelo,MC_R2_SFC_RELOJ_referencia_antisway/Planta,logsout{235}.Values,531440,0.000333333333330188,"nativo, sin decimacion"
grupo5_Outport_02,ver puerto y parametros del modelo,MC_R2_SFC_RELOJ_referencia_antisway/Planta,logsout{236}.Values,531440,0.000333333333330188,"nativo, sin decimacion"
grupo5_Outport_06,ver puerto y parametros del modelo,MC_R2_SFC_RELOJ_referencia_antisway/Planta,logsout{237}.Values,531440,0.000333333333330188,"nativo, sin decimacion"
grupo5_Outport_07,ver puerto y parametros del modelo,MC_R2_SFC_RELOJ_referencia_antisway/Planta,logsout{238}.Values,531440,0.000333333333330188,"nativo, sin decimacion"
grupo5_Outport_08,ver puerto y parametros del modelo,MC_R2_SFC_RELOJ_referencia_antisway/Planta,logsout{239}.Values,531440,0.000333333333330188,"nativo, sin decimacion"
grupo5_Outport_10,ver puerto y parametros del modelo,MC_R2_SFC_RELOJ_referencia_antisway/Planta,logsout{240}.Values,531440,0.000333333333330188,"nativo, sin decimacion"
grupo5_Outport_11,ver puerto y parametros del modelo,MC_R2_SFC_RELOJ_referencia_antisway/Planta,logsout{241}.Values,531440,0.000333333333330188,"nativo, sin decimacion"
grupo5_Outport_12,ver puerto y parametros del modelo,MC_R2_SFC_RELOJ_referencia_antisway/Planta,logsout{242}.Values,169201,0.00100000000000477,"nativo, sin decimacion"
tension_fisica_cable,N,MC_R2_SFC_RELOJ_referencia_antisway/Planta,logsout{243}.Values,531440,0.000333333333330188,"nativo, sin decimacion"
velocidad_angular_fisica,rad/s,MC_R2_SFC_RELOJ_referencia_antisway/Planta,logsout{244}.Values,531440,0.000333333333330188,"nativo, sin decimacion"
v_lx,ver puerto y parametros del modelo,MC_R2_SFC_RELOJ_referencia_antisway/Planta/Subsistema carga,logsout{245}.Values,531440,0.000333333333330188,"nativo, sin decimacion"
x_l,ver puerto y parametros del modelo,MC_R2_SFC_RELOJ_referencia_antisway/Planta/Subsistema carga/Calculo Angulo De Balanceo/x_l,logsout{246}.Values,531440,0.000333333333330188,"nativo, sin decimacion"
x_t,ver puerto y parametros del modelo,MC_R2_SFC_RELOJ_referencia_antisway/Planta/Subsistema carga/Calculo Angulo De Balanceo/x_t,logsout{247}.Values,531440,0.000333333333330188,"nativo, sin decimacion"
y_l,ver puerto y parametros del modelo,MC_R2_SFC_RELOJ_referencia_antisway/Planta/Subsistema carga/Calculo Angulo De Balanceo/y_l,logsout{248}.Values,531440,0.000333333333330188,"nativo, sin decimacion"
sumFcx,ver puerto y parametros del modelo,MC_R2_SFC_RELOJ_referencia_antisway/Planta/Subsistema carga/Calculo Fuerza De Contacto/Sum,logsout{249}.Values,531440,0.000333333333330188,"nativo, sin decimacion"
,ver puerto y parametros del modelo,MC_R2_SFC_RELOJ_referencia_antisway/Planta/Subsistema carga/Calculo Fuerza De Contacto/Switch,logsout{250}.Values,531440,0.000333333333330188,"nativo, sin decimacion"
masa_fisica_suspendida,kg,MC_R2_SFC_RELOJ_referencia_antisway/Planta/Subsistema carga/Calculo Masa Total de Carga,logsout{251}.Values,531440,0.000333333333330188,"nativo, sin decimacion"
v_izaje_fisica,ver puerto y parametros del modelo,MC_R2_SFC_RELOJ_referencia_antisway/Planta/Subsistema carga/Dinamica Movimiento Carga,logsout{252}.Values,531440,0.000333333333330188,"nativo, sin decimacion"
y_carga_fisica,m,MC_R2_SFC_RELOJ_referencia_antisway/Planta/Subsistema carga/Dinamica Movimiento Carga,logsout{253}.Values,531440,0.000333333333330188,"nativo, sin decimacion"
aceleracion_carga_x_fisica,m/s^2,MC_R2_SFC_RELOJ_referencia_antisway/Planta/Subsistema carga/Dinamica Movimiento Carga/Divide,logsout{254}.Values,531440,0.000333333333330188,"nativo, sin decimacion"
aceleracion_izaje_fisica,m/s^2,MC_R2_SFC_RELOJ_referencia_antisway/Planta/Subsistema carga/Dinamica Movimiento Carga/Divide1,logsout{255}.Values,531440,0.000333333333330188,"nativo, sin decimacion"
planta_integrador_01_Outport,ver puerto y parametros del modelo,MC_R2_SFC_RELOJ_referencia_antisway/Planta/Subsistema carga/Dinamica Movimiento Carga/Integrator,logsout{256}.Values,531440,0.000333333333330188,"nativo, sin decimacion"
planta_integrador_01_Inport,ver puerto y parametros del modelo,MC_R2_SFC_RELOJ_referencia_antisway/Planta/Subsistema carga/Dinamica Movimiento Carga/Integrator1,logsout{257}.Values,531440,0.000333333333330188,"nativo, sin decimacion"
planta_integrador_03_Outport,ver puerto y parametros del modelo,MC_R2_SFC_RELOJ_referencia_antisway/Planta/Subsistema carga/Dinamica Movimiento Carga/Integrator2,logsout{258}.Values,531440,0.000333333333330188,"nativo, sin decimacion"
velocidad_izaje_integrada,m/s,MC_R2_SFC_RELOJ_referencia_antisway/Planta/Subsistema carga/Dinamica Movimiento Carga/Integrator3,logsout{259}.Values,531440,0.000333333333330188,"nativo, sin decimacion"
v_t,ver puerto y parametros del modelo,MC_R2_SFC_RELOJ_referencia_antisway/Planta/Subsistema carro,logsout{260}.Values,531440,0.000333333333330188,"nativo, sin decimacion"
x_t_real,ver puerto y parametros del modelo,MC_R2_SFC_RELOJ_referencia_antisway/Planta/Subsistema carro,logsout{261}.Values,531440,0.000333333333330188,"nativo, sin decimacion"
v_carro_fisica,ver puerto y parametros del modelo,MC_R2_SFC_RELOJ_referencia_antisway/Planta/Subsistema carro/Dinamica Carro Traslacional,logsout{262}.Values,531440,0.000333333333330188,"nativo, sin decimacion"
x_carro_fisica,m,MC_R2_SFC_RELOJ_referencia_antisway/Planta/Subsistema carro/Dinamica Carro Traslacional,logsout{263}.Values,531440,0.000333333333330188,"nativo, sin decimacion"
aceleracion_carro_fisica,m/s^2,MC_R2_SFC_RELOJ_referencia_antisway/Planta/Subsistema carro/Dinamica Carro Traslacional/Gain,logsout{264}.Values,531440,0.000333333333330188,"nativo, sin decimacion"
planta_integrador_05_Outport,ver puerto y parametros del modelo,MC_R2_SFC_RELOJ_referencia_antisway/Planta/Subsistema carro/Dinamica Carro Traslacional/Integrator,logsout{265}.Values,531440,0.000333333333330188,"nativo, sin decimacion"
diag_xtrolley,ver puerto y parametros del modelo,MC_R2_SFC_RELOJ_referencia_antisway/Planta/Subsistema carro/Dinamica Carro Traslacional/Integrator1,logsout{266}.Values,531440,0.000333333333330188,"nativo, sin decimacion"
v_td,ver puerto y parametros del modelo,MC_R2_SFC_RELOJ_referencia_antisway/Planta/Subsistema carro/Dinamica Tambor Carro,logsout{267}.Values,531440,0.000333333333330188,"nativo, sin decimacion"
x_td,ver puerto y parametros del modelo,MC_R2_SFC_RELOJ_referencia_antisway/Planta/Subsistema carro/Dinamica Tambor Carro,logsout{268}.Values,531440,0.000333333333330188,"nativo, sin decimacion"
planta_integrador_07_Inport,ver puerto y parametros del modelo,MC_R2_SFC_RELOJ_referencia_antisway/Planta/Subsistema carro/Dinamica Tambor Carro/Gain3,logsout{269}.Values,531440,0.000333333333330188,"nativo, sin decimacion"
diag_xdrum,ver puerto y parametros del modelo,MC_R2_SFC_RELOJ_referencia_antisway/Planta/Subsistema carro/Dinamica Tambor Carro/Gain7,logsout{270}.Values,531440,0.000333333333330188,"nativo, sin decimacion"
diag_vdrum,ver puerto y parametros del modelo,MC_R2_SFC_RELOJ_referencia_antisway/Planta/Subsistema carro/Dinamica Tambor Carro/Gain8,logsout{271}.Values,531440,0.000333333333330188,"nativo, sin decimacion"
planta_integrador_07_Outport,ver puerto y parametros del modelo,MC_R2_SFC_RELOJ_referencia_antisway/Planta/Subsistema carro/Dinamica Tambor Carro/Integrator2,logsout{272}.Values,531440,0.000333333333330188,"nativo, sin decimacion"
planta_integrador_08_Outport,ver puerto y parametros del modelo,MC_R2_SFC_RELOJ_referencia_antisway/Planta/Subsistema carro/Dinamica Tambor Carro/Integrator3,logsout{273}.Values,531440,0.000333333333330188,"nativo, sin decimacion"
diag_traction,ver puerto y parametros del modelo,MC_R2_SFC_RELOJ_referencia_antisway/Planta/Subsistema carro/Dinamica cable carro,logsout{274}.Values,531440,0.000333333333330188,"nativo, sin decimacion"
diag_brake_torque,N m,MC_R2_SFC_RELOJ_referencia_antisway/Planta/Subsistema carro/Modelo Freno Operacion Carro/Switch,logsout{275}.Values,531440,0.000333333333330188,"nativo, sin decimacion"
torque_carro_fisico_motor,N m,MC_R2_SFC_RELOJ_referencia_antisway/Planta/Subsistema carro/Modulador de Torque Motor Drive Carro,logsout{276}.Values,531440,0.000333333333330188,"nativo, sin decimacion"
aw_delta_torque_Nm,N m,MC_R2_SFC_RELOJ_referencia_antisway/Planta/Subsistema carro/Modulador de Torque Motor Drive Carro/Diferencia torque saturacion,logsout{277}.Values,169201,0.00100000000000477,"nativo, sin decimacion"
planta_integrador_09_Inport,ver puerto y parametros del modelo,MC_R2_SFC_RELOJ_referencia_antisway/Planta/Subsistema carro/Modulador de Torque Motor Drive Carro/Gain,logsout{278}.Values,531440,0.000333333333330188,"nativo, sin decimacion"
planta_integrador_09_Outport,ver puerto y parametros del modelo,MC_R2_SFC_RELOJ_referencia_antisway/Planta/Subsistema carro/Modulador de Torque Motor Drive Carro/Integrator,logsout{279}.Values,531440,0.000333333333330188,"nativo, sin decimacion"
T_tmlim*,ver puerto y parametros del modelo,MC_R2_SFC_RELOJ_referencia_antisway/Planta/Subsistema carro/Modulador de Torque Motor Drive Carro/Saturation,logsout{280}.Values,169201,0.00100000000000477,"nativo, sin decimacion"
diag_torque_drive_input,N m,MC_R2_SFC_RELOJ_referencia_antisway/Planta/Subsistema carro/T_tm*,logsout{281}.Values,169201,0.00100000000000477,"nativo, sin decimacion"
l_h,ver puerto y parametros del modelo,MC_R2_SFC_RELOJ_referencia_antisway/Planta/Subsistema izaje/Calculo longitud l_h,logsout{282}.Values,531440,0.000333333333330188,"nativo, sin decimacion"
planta_integrador_10_Inport,ver puerto y parametros del modelo,MC_R2_SFC_RELOJ_referencia_antisway/Planta/Subsistema izaje/Calculo longitud l_h/Gain,logsout{283}.Values,531440,0.000333333333330188,"nativo, sin decimacion"
planta_integrador_10_Outport,ver puerto y parametros del modelo,MC_R2_SFC_RELOJ_referencia_antisway/Planta/Subsistema izaje/Calculo longitud l_h/Integrator,logsout{284}.Values,531440,0.000333333333330188,"nativo, sin decimacion"
planta_integrador_11_Inport,ver puerto y parametros del modelo,MC_R2_SFC_RELOJ_referencia_antisway/Planta/Subsistema izaje/Dinamica Tambor Izaje/Gain3,logsout{285}.Values,531440,0.000333333333330188,"nativo, sin decimacion"
planta_integrador_11_Outport,ver puerto y parametros del modelo,MC_R2_SFC_RELOJ_referencia_antisway/Planta/Subsistema izaje/Dinamica Tambor Izaje/Integrator2,logsout{286}.Values,531440,0.000333333333330188,"nativo, sin decimacion"
planta_integrador_12_Outport,ver puerto y parametros del modelo,MC_R2_SFC_RELOJ_referencia_antisway/Planta/Subsistema izaje/Dinamica Tambor Izaje/Integrator3,logsout{287}.Values,531440,0.000333333333330188,"nativo, sin decimacion"
torque_izaje_fisico_motor,N m,MC_R2_SFC_RELOJ_referencia_antisway/Planta/Subsistema izaje/Modulador de Torque Motor Drive Izaje,logsout{288}.Values,531440,0.000333333333330188,"nativo, sin decimacion"
T_hmMax,ver puerto y parametros del modelo,MC_R2_SFC_RELOJ_referencia_antisway/Planta/Subsistema izaje/Modulador de Torque Motor Drive Izaje/Calculo Torque Limite/Gain1,logsout{289}.Values,531440,0.000333333333330188,"nativo, sin decimacion"
planta_integrador_13_Inport,ver puerto y parametros del modelo,MC_R2_SFC_RELOJ_referencia_antisway/Planta/Subsistema izaje/Modulador de Torque Motor Drive Izaje/Gain,logsout{290}.Values,531440,0.000333333333330188,"nativo, sin decimacion"
planta_integrador_13_Outport,ver puerto y parametros del modelo,MC_R2_SFC_RELOJ_referencia_antisway/Planta/Subsistema izaje/Modulador de Torque Motor Drive Izaje/Integrator,logsout{291}.Values,531440,0.000333333333330188,"nativo, sin decimacion"
Thm_sat,ver puerto y parametros del modelo,MC_R2_SFC_RELOJ_referencia_antisway/Planta/Subsistema izaje/Modulador de Torque Motor Drive Izaje/Saturation Dynamic,logsout{292}.Values,531440,0.000333333333330188,"nativo, sin decimacion"
F_hw_sens,ver puerto y parametros del modelo,MC_R2_SFC_RELOJ_referencia_antisway/SENSORES,logsout{293}.Values,531440,0.000333333333330188,"nativo, sin decimacion"
grupo2_Outport_01,ver puerto y parametros del modelo,MC_R2_SFC_RELOJ_referencia_antisway/SENSORES,logsout{294}.Values,531440,0.000333333333330188,"nativo, sin decimacion"
grupo2_Outport_02,ver puerto y parametros del modelo,MC_R2_SFC_RELOJ_referencia_antisway/SENSORES,logsout{295}.Values,531440,0.000333333333330188,"nativo, sin decimacion"
grupo2_Outport_04,ver puerto y parametros del modelo,MC_R2_SFC_RELOJ_referencia_antisway/SENSORES,logsout{296}.Values,531440,0.000333333333330188,"nativo, sin decimacion"
grupo2_Outport_05,ver puerto y parametros del modelo,MC_R2_SFC_RELOJ_referencia_antisway/SENSORES,logsout{297}.Values,531440,0.000333333333330188,"nativo, sin decimacion"
grupo2_Outport_06,ver puerto y parametros del modelo,MC_R2_SFC_RELOJ_referencia_antisway/SENSORES,logsout{298}.Values,531440,0.000333333333330188,"nativo, sin decimacion"
grupo2_Outport_07,ver puerto y parametros del modelo,MC_R2_SFC_RELOJ_referencia_antisway/SENSORES,logsout{299}.Values,531440,0.000333333333330188,"nativo, sin decimacion"
grupo2_Outport_08,ver puerto y parametros del modelo,MC_R2_SFC_RELOJ_referencia_antisway/SENSORES,logsout{300}.Values,531440,0.000333333333330188,"nativo, sin decimacion"
grupo2_Outport_09,ver puerto y parametros del modelo,MC_R2_SFC_RELOJ_referencia_antisway/SENSORES,logsout{301}.Values,531440,0.000333333333330188,"nativo, sin decimacion"
grupo2_Outport_10,ver puerto y parametros del modelo,MC_R2_SFC_RELOJ_referencia_antisway/SENSORES,logsout{302}.Values,531440,0.000333333333330188,"nativo, sin decimacion"
joy_vert,ver puerto y parametros del modelo,MC_R2_SFC_RELOJ_referencia_antisway/Subsystem1/Gain13,logsout{303}.Values,531440,0.000333333333330188,"nativo, sin decimacion"
joy_hor,ver puerto y parametros del modelo,MC_R2_SFC_RELOJ_referencia_antisway/Subsystem1/Gain14,logsout{304}.Values,531440,0.000333333333330188,"nativo, sin decimacion"
analog,ver puerto y parametros del modelo,MC_R2_SFC_RELOJ_referencia_antisway/Subsystem1/Pilot Joystick All,logsout{305}.Values,507601,0.000333333333330188,"nativo, sin decimacion"
buttons,ver puerto y parametros del modelo,MC_R2_SFC_RELOJ_referencia_antisway/Subsystem1/Pilot Joystick All,logsout{306}.Values,507601,0.000333333333330188,"nativo, sin decimacion"
grupo8_Inport_12,ver puerto y parametros del modelo,MC_R2_SFC_RELOJ_referencia_antisway/Transferencia no implementada PLC anterior,logsout{307}.Values,1,NaN,"nativo, sin decimacion"
diag_joystick,ver puerto y parametros del modelo,MC_R2_SFC_RELOJ_referencia_antisway/VISUALIZACION 2D SISTEMA GRUA,logsout{308}.Values,4231,0.0399999999999991,"nativo, sin decimacion"
grupo4_Outport_01,ver puerto y parametros del modelo,MC_R2_SFC_RELOJ_referencia_antisway/VISUALIZACION 2D SISTEMA GRUA,logsout{309}.Values,4231,0.0399999999999991,"nativo, sin decimacion"
grupo4_Outport_02,ver puerto y parametros del modelo,MC_R2_SFC_RELOJ_referencia_antisway/VISUALIZACION 2D SISTEMA GRUA,logsout{310}.Values,4231,0.0399999999999991,"nativo, sin decimacion"
grupo4_Outport_03,ver puerto y parametros del modelo,MC_R2_SFC_RELOJ_referencia_antisway/VISUALIZACION 2D SISTEMA GRUA,logsout{311}.Values,4231,0.0399999999999991,"nativo, sin decimacion"
grupo4_Outport_04,ver puerto y parametros del modelo,MC_R2_SFC_RELOJ_referencia_antisway/VISUALIZACION 2D SISTEMA GRUA,logsout{312}.Values,4231,0.0399999999999991,"nativo, sin decimacion"
grupo4_Outport_05,ver puerto y parametros del modelo,MC_R2_SFC_RELOJ_referencia_antisway/VISUALIZACION 2D SISTEMA GRUA,logsout{313}.Values,4231,0.0399999999999991,"nativo, sin decimacion"
grupo4_Outport_06,ver puerto y parametros del modelo,MC_R2_SFC_RELOJ_referencia_antisway/VISUALIZACION 2D SISTEMA GRUA,logsout{314}.Values,4231,0.0399999999999991,"nativo, sin decimacion"
grupo4_Outport_07,ver puerto y parametros del modelo,MC_R2_SFC_RELOJ_referencia_antisway/VISUALIZACION 2D SISTEMA GRUA,logsout{315}.Values,4231,0.0399999999999991,"nativo, sin decimacion"
grupo4_Outport_08,ver puerto y parametros del modelo,MC_R2_SFC_RELOJ_referencia_antisway/VISUALIZACION 2D SISTEMA GRUA,logsout{316}.Values,4231,0.0399999999999991,"nativo, sin decimacion"
grupo4_Outport_09,ver puerto y parametros del modelo,MC_R2_SFC_RELOJ_referencia_antisway/VISUALIZACION 2D SISTEMA GRUA,logsout{317}.Values,4231,0.0399999999999991,"nativo, sin decimacion"
grupo4_Outport_10,ver puerto y parametros del modelo,MC_R2_SFC_RELOJ_referencia_antisway/VISUALIZACION 2D SISTEMA GRUA,logsout{318}.Values,4231,0.0399999999999991,"nativo, sin decimacion"
grupo4_Outport_11,ver puerto y parametros del modelo,MC_R2_SFC_RELOJ_referencia_antisway/VISUALIZACION 2D SISTEMA GRUA,logsout{319}.Values,4231,0.0399999999999991,"nativo, sin decimacion"
grupo4_Outport_12,ver puerto y parametros del modelo,MC_R2_SFC_RELOJ_referencia_antisway/VISUALIZACION 2D SISTEMA GRUA,logsout{320}.Values,4231,0.0399999999999991,"nativo, sin decimacion"
grupo4_Outport_13,ver puerto y parametros del modelo,MC_R2_SFC_RELOJ_referencia_antisway/VISUALIZACION 2D SISTEMA GRUA,logsout{321}.Values,4231,0.0399999999999991,"nativo, sin decimacion"
grupo4_Outport_15,ver puerto y parametros del modelo,MC_R2_SFC_RELOJ_referencia_antisway/VISUALIZACION 2D SISTEMA GRUA,logsout{322}.Values,4231,0.0399999999999991,"nativo, sin decimacion"
grupo8_Inport_04,ver puerto y parametros del modelo,MC_R2_SFC_RELOJ_referencia_antisway/Zero-Order Hold5,logsout{323}.Values,169201,0.00100000000000477,"nativo, sin decimacion"
mon_aHoistMeasured,ver puerto y parametros del modelo,To Workspace,output.mon_aHoistMeasured,8461,0.0199999999999996,"nativo, sin decimacion"
mon_aTrolleyMeasured,ver puerto y parametros del modelo,To Workspace,output.mon_aTrolleyMeasured,8461,0.0199999999999996,"nativo, sin decimacion"
mon_automaticTargetY,ver puerto y parametros del modelo,To Workspace,output.mon_automaticTargetY,8461,0.0199999999999996,"nativo, sin decimacion"
mon_axRef,m/s^2,To Workspace,output.mon_axRef,8461,0.0199999999999996,"nativo, sin decimacion"
mon_ayRef,m/s^2,To Workspace,output.mon_ayRef,8461,0.0199999999999996,"nativo, sin decimacion"
mon_contact4,ver puerto y parametros del modelo,To Workspace,output.mon_contact4,169201,0.00100000000000477,"nativo, sin decimacion"
mon_lidarX,ver puerto y parametros del modelo,To Workspace,output.mon_lidarX,531440,0.000333333333330188,"nativo, sin decimacion"
mon_lidarY,ver puerto y parametros del modelo,To Workspace,output.mon_lidarY,531440,0.000333333333330188,"nativo, sin decimacion"
mon_loadedPhysical,ver puerto y parametros del modelo,To Workspace,output.mon_loadedPhysical,531440,0.000333333333330188,"nativo, sin decimacion"
mon_obstacleProfile,m,To Workspace,output.mon_obstacleProfile,531440,0.000333333333330188,"nativo, sin decimacion"
mon_profileMaxY,m,To Workspace,output.mon_profileMaxY,8461,0.0199999999999996,"nativo, sin decimacion"
mon_profileScanComplete,m,To Workspace,output.mon_profileScanComplete,8461,0.0199999999999996,"nativo, sin decimacion"
mon_profileValid,m,To Workspace,output.mon_profileValid,8461,0.0199999999999996,"nativo, sin decimacion"
mon_ropeTension,N,To Workspace,output.mon_ropeTension,531440,0.000333333333330188,"nativo, sin decimacion"
mon_safetyEnvelopeProfile,m,To Workspace,output.mon_safetyEnvelopeProfile,8461,0.0199999999999996,"nativo, sin decimacion"
mon_scanActive,ver puerto y parametros del modelo,To Workspace,output.mon_scanActive,8461,0.0199999999999996,"nativo, sin decimacion"
mon_scannedObstacleProfile,m,To Workspace,output.mon_scannedObstacleProfile,8461,0.0199999999999996,"nativo, sin decimacion"
mon_swayEnable,ver puerto y parametros del modelo,To Workspace,output.mon_swayEnable,8461,0.0199999999999996,"nativo, sin decimacion"
mon_theta,rad,To Workspace,output.mon_theta,531440,0.000333333333330188,"nativo, sin decimacion"
mon_thetaRate,rad,To Workspace,output.mon_thetaRate,531440,0.000333333333330188,"nativo, sin decimacion"
mon_torqueProvenHoist,N m,To Workspace,output.mon_torqueProvenHoist,8461,0.0199999999999996,"nativo, sin decimacion"
mon_torqueProvenTrolley,N m,To Workspace,output.mon_torqueProvenTrolley,8461,0.0199999999999996,"nativo, sin decimacion"
mon_trackingFault,ver puerto y parametros del modelo,To Workspace,output.mon_trackingFault,8461,0.0199999999999996,"nativo, sin decimacion"
mon_twistlockCloseCmd,ver puerto y parametros del modelo,To Workspace,output.mon_twistlockCloseCmd,8461,0.0199999999999996,"nativo, sin decimacion"
mon_twistlocksClosed,ver puerto y parametros del modelo,To Workspace,output.mon_twistlocksClosed,8461,0.0199999999999996,"nativo, sin decimacion"
mon_vH,ver puerto y parametros del modelo,To Workspace,output.mon_vH,531440,0.000333333333330188,"nativo, sin decimacion"
mon_vxRef,m,To Workspace,output.mon_vxRef,8461,0.0199999999999996,"nativo, sin decimacion"
mon_vyRef,m,To Workspace,output.mon_vyRef,8461,0.0199999999999996,"nativo, sin decimacion"
mon_xRef,m,To Workspace,output.mon_xRef,8461,0.0199999999999996,"nativo, sin decimacion"
mon_xT,ver puerto y parametros del modelo,To Workspace,output.mon_xT,531440,0.000333333333330188,"nativo, sin decimacion"
mon_yH,ver puerto y parametros del modelo,To Workspace,output.mon_yH,531440,0.000333333333330188,"nativo, sin decimacion"
mon_yRef,m,To Workspace,output.mon_yRef,8461,0.0199999999999996,"nativo, sin decimacion"
n0_brakeHoistOpen,ver puerto y parametros del modelo,To Workspace,output.n0_brakeHoistOpen,8461,0.0199999999999996,"nativo, sin decimacion"
n0_brakeTrolleyOpen,ver puerto y parametros del modelo,To Workspace,output.n0_brakeTrolleyOpen,8461,0.0199999999999996,"nativo, sin decimacion"
n0_emergency,ver puerto y parametros del modelo,To Workspace,output.n0_emergency,8461,0.0199999999999996,"nativo, sin decimacion"
n0_emergencyBrakeHoistOpen,ver puerto y parametros del modelo,To Workspace,output.n0_emergencyBrakeHoistOpen,8461,0.0199999999999996,"nativo, sin decimacion"
n0_permitGlobal,ver puerto y parametros del modelo,To Workspace,output.n0_permitGlobal,8461,0.0199999999999996,"nativo, sin decimacion"
n0_permitHoist,ver puerto y parametros del modelo,To Workspace,output.n0_permitHoist,8461,0.0199999999999996,"nativo, sin decimacion"
n0_permitTrolley,ver puerto y parametros del modelo,To Workspace,output.n0_permitTrolley,8461,0.0199999999999996,"nativo, sin decimacion"
sup_alarmCode,ver puerto y parametros del modelo,To Workspace,output.sup_alarmCode,8461,0.0199999999999996,"nativo, sin decimacion"
sup_faultCode,ver puerto y parametros del modelo,To Workspace,output.sup_faultCode,8461,0.0199999999999996,"nativo, sin decimacion"
sup_loadedState,ver puerto y parametros del modelo,To Workspace,output.sup_loadedState,8461,0.0199999999999996,"nativo, sin decimacion"
sup_modeCode,ver puerto y parametros del modelo,To Workspace,output.sup_modeCode,8461,0.0199999999999996,"nativo, sin decimacion"
sup_overloadDetected,ver puerto y parametros del modelo,To Workspace,output.sup_overloadDetected,8461,0.0199999999999996,"nativo, sin decimacion"
