senal,inicio_s,fin_s,muestras,pasoMaximo_s,cubreFinManiobra
aceleracion_carga_x_fisica,0,639.997,198032,0.00333333333344399,1
aceleracion_carga_x_fisica_2,0,639.997,198032,0.00333333333344399,1
aceleracion_carro_fisica,0,639.997,198032,0.00333333333344399,1
aceleracion_izaje_fisica,0,639.997,198032,0.00333333333344399,1
angulo_fisico,0,639.997,198032,0.00333333333344399,1
angulo_referencia,0,640,64001,0.0100000000001046,1
fuerza_contacto_fisica,0,639.997,198032,0.00333333333344399,1
masa_fisica_suspendida,0,639.997,198032,0.00333333333344399,1
mc_antisway_correccion_aplicada,0,640,64001,0.0100000000001046,1
mc_diag_acmd,0,640,64001,0.0100000000001046,1
mc_diag_acmd_applied,0,640,64001,0.0100000000001046,1
mc_diag_aff,0,640,64001,0.0100000000001046,1
mc_diag_aref_input,0,640,64001,0.0100000000001046,1
mc_diag_brake_supervisor,0,640,64001,0.0100000000001046,1
mc_diag_ev,0,640,64001,0.0100000000001046,1
mc_diag_i,0,640,64001,0.0100000000001046,1
mc_diag_integral,0,640,64001,0.0100000000001046,1
mc_diag_omega_observer,0,640,64001,0.0100000000001046,1
mc_diag_p,0,640,64001,0.0100000000001046,1
mc_diag_sw_gain,0,640,64001,0.0100000000001046,1
mc_diag_theta_eff,0,640,64001,0.0100000000001046,1
mc_diag_theta_medida,0,640,64001,0.0100000000001046,1
mc_diag_torque_unsat,0,640,64001,0.0100000000001046,1
mc_diag_vcmd,0,640,64001,0.0100000000001046,1
mc_diag_vcmd_applied,0,640,64001,0.0100000000001046,1
mc_diag_vobs,0,640,64001,0.0100000000001046,1
mc_diag_vref_input,0,640,64001,0.0100000000001046,1
mc_diag_xencoder,0,640,64001,0.0100000000001046,1
mc_diag_xref_input,0,640,64001,0.0100000000001046,1
mc_sw_anticipacion_comun,0,640,64001,0.0100000000001046,1
mc_sw_feedback_comun,0,640,64001,0.0100000000001046,1
mc_sw_habilitacion_comun,0,640,64001,0.0100000000001046,1
mon_aHoistMeasured,0,640,3201,0.200000000000045,1
mon_aTrolleyMeasured,0,640,3201,0.200000000000045,1
mon_automaticTargetY,0,640,3201,0.200000000000045,1
mon_axRef,0,640,3201,0.200000000000045,1
mon_ayRef,0,640,3201,0.200000000000045,1
mon_contact4,0,640,64001,0.0100000000001046,1
mon_lidarX,0,639.997,198032,0.00333333333344399,1
mon_lidarY,0,639.997,198032,0.00333333333344399,1
mon_loadedPhysical,0,639.997,198032,0.00333333333344399,1
mon_obstacleProfile,0,639.997,198032,0.00333333333344399,1
mon_profileMaxY,0,640,3201,0.200000000000045,1
mon_profileScanComplete,0,640,3201,0.200000000000045,1
mon_profileValid,0,640,3201,0.200000000000045,1
mon_ropeTension,0,639.997,198032,0.00333333333344399,1
mon_safetyEnvelopeProfile,0,640,3201,0.200000000000045,1
mon_scanActive,0,640,3201,0.200000000000045,1
mon_scannedObstacleProfile,0,640,3201,0.200000000000045,1
mon_swayEnable,0,640,3201,0.200000000000045,1
mon_theta,0,639.997,198032,0.00333333333344399,1
mon_thetaRate,0,639.997,198032,0.00333333333344399,1
mon_torqueProvenHoist,0,640,3201,0.200000000000045,1
mon_torqueProvenTrolley,0,640,3201,0.200000000000045,1
mon_trackingFault,0,640,3201,0.200000000000045,1
mon_twistlockCloseCmd,0,640,3201,0.200000000000045,1
mon_twistlocksClosed,0,640,3201,0.200000000000045,1
mon_vH,0,639.997,198032,0.00333333333344399,1
mon_vxRef,0,640,3201,0.200000000000045,1
mon_vyRef,0,640,3201,0.200000000000045,1
mon_xRef,0,640,3201,0.200000000000045,1
mon_xT,0,639.997,198032,0.00333333333344399,1
mon_yH,0,639.997,198032,0.00333333333344399,1
mon_yRef,0,640,3201,0.200000000000045,1
n0_brakeHoistOpen,0,640,3201,0.200000000000045,1
n0_brakeTrolleyOpen,0,640,3201,0.200000000000045,1
n0_emergency,0,640,3201,0.200000000000045,1
n0_emergencyBrakeHoistOpen,0,640,3201,0.200000000000045,1
n0_permitGlobal,0,640,3201,0.200000000000045,1
n0_permitHoist,0,640,3201,0.200000000000045,1
n0_permitTrolley,0,640,3201,0.200000000000045,1
sup_alarmCode,0,640,3201,0.200000000000045,1
sup_faultCode,0,640,3201,0.200000000000045,1
sup_loadedState,0,640,3201,0.200000000000045,1
sup_modeCode,0,640,3201,0.200000000000045,1
sup_overloadDetected,0,640,3201,0.200000000000045,1
tension_fisica_cable,0,639.997,198032,0.00333333333344399,1
torque_carro_consigna_controlador,0,640,64001,0.0100000000001046,1
torque_carro_fisico_motor,0,639.997,198032,0.00333333333344399,1
torque_izaje_consigna_controlador,0,640,64001,0.0100000000001046,1
torque_izaje_consigna_controlador_2,0,640,64001,0.0100000000001046,1
torque_izaje_fisico_motor,0,639.997,198032,0.00333333333344399,1
v_carro_fisica,0,639.997,198032,0.00333333333344399,1
v_izaje_fisica,0,639.997,198032,0.00333333333344399,1
velocidad_angular_fisica,0,639.997,198032,0.00333333333344399,1
x_carro_fisica,0,639.997,198032,0.00333333333344399,1
y_carga_fisica,0,639.997,198032,0.00333333333344399,1
