etapa,tiempo_s,tramo,x_m,y_m,cargado,contacto
1,3.24,1,-26.34,24.9766235094428,0,0
2,3.44,1,-26.3400000000977,24.9766253952623,0,0
3,130.08,1,-25.9996958024372,39.6781470577831,0,0
4,132.12,1,-26.4974900433707,39.6665109374227,0,0
5,132.24,1,-26.4702392580985,39.6669884815416,0,0
6,158.68,1,-16.8294694112936,39.6520433187971,0,0
7,160.76,1,-16.8050406839964,39.6520439660491,0,0
8,200.8,1,-16.6295087371155,10.3598972352422,0,1
3,201.84,2,-16.6300600144441,10.3599182779167,0,1
4,215.4,2,-16.6297172558078,14.1533482597588,1,0
5,215.56,2,-16.6298139520113,14.1513357444348,1,0
6,278.84,2,24.8521863447663,11.4221737008146,1,0
7,280.92,2,24.8497339275693,11.2958314873781,1,0
8,315.8,2,24.8511946839313,-1.8719206080717,1,1
3,316.24,3,24.8510795090885,-1.85625935605748,0,0
4,355.12,3,24.8506145396926,20.2101114237541,0,0
5,355.24,3,24.8505833792728,20.2101723095446,0,0
6,383.04,3,47.1062724267808,24.0278900489355,0,0
7,386.76,3,46.8203140762041,24.0231022559747,0,0
8,445.24,3,46.8104855767446,-14.8201170381934,0,1
3,446.28,4,46.8101802143146,-14.8200817220833,0,1
4,512.52,4,46.8112031740085,6.37597928975139,1,0
5,512.64,4,46.81115008008,6.374936779634,1,0
6,597.72,4,-28.7523458255559,10.7130184403224,1,0
7,599.8,4,-28.7579347208474,10.5811774923433,1,0
8,608.6,4,-28.7525040933807,7.76948364401891,1,1
9,609.04,4,-28.7560032139581,7.78665971796947,0,0
