slot,x_m,operable,inicial_m,relevado_m,final_m,cambio_m
1,-28.78,1,5.18,5.18,7.77,2.59
2,-26.34,1,2.59,2.59,2.59,0
3,-23.9,1,2.59,2.59,2.59,0
4,-21.46,1,2.59,2.59,2.59,0
5,-19.02,1,2.59,2.59,2.59,0
6,-16.58,1,10.36,10.36,7.77,-2.59
7,-14.14,1,5.18,5.18,5.18,0
8,-11.7,1,7.77,7.77,7.77,0
9,-9.26,1,7.77,7.77,7.77,0
10,-6.82,1,2.59,2.59,2.59,0
11,-4.38,0,0,0,0,0
12,-1.94,0,0,0,0,0
13,0.5,0,0,0,0,0
14,2.94,1,-7.05,-7.05,-7.05,0
15,5.38,1,-7.05,-7.05,-7.05,0
16,7.82,1,-14.82,-14.82,-14.82,0
17,10.26,1,18.85,18.85,18.85,0
18,12.7,1,16.26,16.26,16.26,0
19,15.14,1,0.719999999999999,0.719999999999999,0.719999999999999,0
20,17.58,1,-7.05,-7.05,-7.05,0
21,20.02,1,16.26,16.26,16.26,0
22,22.46,1,5.9,5.9,5.9,0
23,24.9,1,-4.46,-4.46,-1.87,2.59
24,27.34,1,0.719999999999999,0.719999999999999,0.719999999999999,0
25,29.78,1,0.719999999999999,0.719999999999999,0.719999999999999,0
26,32.22,1,16.26,16.26,16.26,0
27,34.66,1,3.31,3.31,3.31,0
28,37.1,1,5.9,5.9,5.9,0
29,39.54,1,-20,-20,-20,0
30,41.98,1,-7.05,-7.05,-7.05,0
31,44.42,1,-20,-20,-20,0
32,46.86,1,-14.82,-14.82,-17.41,-2.59
33,49.3,0,0,0,0,0
