tiempo_s,watchdogPulse,resetSafety,emergencyStop,xTrolley,vTrolley,yHoist,vHoist
0,0,0,0,0,0,10,0
0.02,0,0,0,0,0,10,0
0.04,0,0,0,0,0,10,0
0.06,0,0,0,0,0,10,0
0.08,0,0,0,0,0,10,0
0.1,1,0,0,0,0,10,0
0.12,1,0,0,0,0,10,0
0.14,1,0,0,0,0,10,0
0.16,1,0,0,0,0,10,0
0.18,1,0,0,0,0,10,0
0.2,0,0,0,-31,0,41,0
0.22,0,0,0,-31,0,41,0
0.24,0,0,0,-31,0,41,0
0.26,0,0,0,-31,0,41,0
0.28,0,0,0,-31,0,41,0
0.3,1,0,0,-31,0,41,0
0.32,1,0,0,-31,0,41,0
0.34,1,0,0,-31,0,41,0
0.36,1,0,0,-31,0,41,0
0.38,1,0,0,-31,0,41,0
0.4,0,0,0,-31,0,41,0
0.42,0,0,0,-31,0,41,0
0.44,0,0,0,-31,0,41,0
0.46,0,0,0,-31,0,41,0
0.48,0,0,0,-31,0,41,0
0.5,1,0,0,-31,0,41,0
0.52,1,0,0,-31,0,41,0
0.54,1,0,0,-31,0,41,0
0.56,1,0,0,-31,0,41,0
0.58,1,0,0,-31,0,41,0
0.6,0,0,0,-31,0,41,0
0.62,0,0,0,-31,0,41,0
0.64,0,0,0,-31,0,41,0
0.66,0,0,0,-31,0,41,0
0.68,0,0,0,-31,0,41,0
0.7,1,0,0,-31,0,41,0
0.72,1,0,0,-31,0,41,0
0.74,1,0,0,-31,0,41,0
0.76,1,0,0,-31,0,41,0
0.78,1,0,0,-31,0,41,0
0.8,0,0,0,-31,0,41,0
