tiempo_s,watchdogPulse,resetSafety,emergencyStop,xTrolley,vTrolley,yHoist,vHoist,permitGlobal,permitTrolley,permitHoist,brakeTrolleyOpen,brakeHoistOpen,emergencyBrakeHoistOpen,emergency,hmiWatchdogFault,hmiUltimate1,hmiUltimate2,hmiUltimate3,hmiUltimate4,hmiHoistOverspeed
0,0,0,0,0,0,10,3.46,1,1,1,1,1,1,0,0,0,0,0,0,1
0.02,0,0,0,0,0,10,3.46,1,1,1,1,1,1,0,0,0,0,0,0,1
0.04,0,0,0,0,0,10,3.46,1,1,1,1,1,1,0,0,0,0,0,0,1
0.06,0,0,0,0,0,10,3.46,1,1,1,1,1,1,0,0,0,0,0,0,1
0.08,0,0,0,0,0,10,3.46,1,1,1,1,1,1,0,0,0,0,0,0,1
0.1,1,0,0,0,0,10,3.46,1,1,1,1,1,1,0,0,0,0,0,0,1
0.12,1,0,0,0,0,10,3.46,1,1,1,1,1,1,0,0,0,0,0,0,1
0.14,1,0,0,0,0,10,3.46,1,1,1,1,1,1,0,0,0,0,0,0,1
0.16,1,0,0,0,0,10,3.46,1,1,1,1,1,1,0,0,0,0,0,0,1
0.18,1,0,0,0,0,10,3.46,1,1,1,1,1,1,0,0,0,0,0,0,1
0.2,0,0,0,0,0,10,3.46,1,1,1,1,1,1,0,0,0,0,0,0,1
0.22,0,0,0,0,0,10,3.46,1,1,1,1,1,1,0,0,0,0,0,0,1
0.24,0,0,0,0,0,10,3.46,1,1,1,1,1,1,0,0,0,0,0,0,1
0.26,0,0,0,0,0,10,3.46,1,1,1,1,1,1,0,0,0,0,0,0,1
0.28,0,0,0,0,0,10,3.46,1,1,1,1,1,1,0,0,0,0,0,0,1
0.3,0,0,0,0,0,10,3.46,1,1,1,1,1,1,0,0,0,0,0,0,1
0.32,1,0,0,0,0,10,3.46,1,1,1,1,1,1,0,0,0,0,0,0,1
0.34,1,0,0,0,0,10,3.46,1,1,1,1,1,1,0,0,0,0,0,0,1
0.36,1,0,0,0,0,10,3.46,1,1,1,1,1,1,0,0,0,0,0,0,1
0.38,1,0,0,0,0,10,3.46,1,1,1,1,1,1,0,0,0,0,0,0,1
0.4,0,0,0,0,0,10,3.46,1,1,1,1,1,1,0,0,0,0,0,0,1
