senal,inicio_s,fin_s,muestras,cubreFin,pasoMaximo_s,retrasoFinal_s,serieUnica
F_hw_sens,0,175.559,54813,1,0.00333333333335872,-0.119,0
T_hmMax,0,175.559,54813,1,0.00333333333335872,-0.119,0
T_tmlim_,0,175.56,17557,1,0.0100000000000193,-0.120000000000005,0
Thm_sat,0,175.559,54813,1,0.00333333333335872,-0.119,0
aceleracion_carga_x_fisica,0,175.559,54813,1,0.00333333333335872,-0.119,0
aceleracion_carga_x_fisica_2,0,175.559,54813,1,0.00333333333335872,-0.119,0
aceleracion_carro_fisica,0,175.559,54813,1,0.00333333333335872,-0.119,0
aceleracion_izaje_fisica,0,175.559,54813,1,0.00333333333335872,-0.119,0
analog,0,175.56,52669,1,0.00333333333335872,-0.120000000000005,0
angulo_fisico,0,175.559,54813,1,0.00333333333335872,-0.119,0
angulo_referencia,0,175.56,17557,1,0.0100000000000193,-0.120000000000005,0
antisway_calculada,0,175.56,17557,1,0.0100000000000193,-0.120000000000005,0
antisway_efectiva,0,175.56,17557,1,0.0100000000000193,-0.120000000000005,0
antisway_limitada,0,175.56,17557,1,0.0100000000000193,-0.120000000000005,0
aw_delta_torque_Nm,0,175.56,17557,1,0.0100000000000193,-0.120000000000005,0
aw_delta_torque_memoria,0,175.56,17557,1,0.0100000000000193,-0.120000000000005,0
buttons,0,175.56,52669,1,0.00333333333335872,-0.120000000000005,0
diag_aref_input,0,175.56,17557,1,0.0100000000000193,-0.120000000000005,0
diag_brake_effective,0,175.4,878,1,0.200000000000017,0.039999999999992,0
diag_brake_torque,0,175.559,54813,1,0.00333333333335872,-0.119,0
diag_joystick,0,175.2,439,1,0.400000000000006,0.239999999999981,0
diag_torque_drive_input,0,175.56,17557,1,0.0100000000000193,-0.120000000000005,0
diag_traction,0,175.559,54813,1,0.00333333333335872,-0.119,0
diag_vdrum,0,175.559,54813,1,0.00333333333335872,-0.119,0
diag_vref_input,0,175.56,17557,1,0.0100000000000193,-0.120000000000005,0
diag_xdrum,0,175.559,54813,1,0.00333333333335872,-0.119,0
diag_xref_input,0,175.56,17557,1,0.0100000000000193,-0.120000000000005,0
diag_xtrolley,0,175.559,54813,1,0.00333333333335872,-0.119,0
diagnosticos_carro_diag_torque_unsat,0,175.56,17557,1,0.0100000000000193,-0.120000000000005,0
diagnosticos_carro_diag_vcmd,0,175.56,17557,1,0.0100000000000193,-0.120000000000005,0
diagnosticos_carro_diag_vcmd_applied,0,175.56,17557,1,0.0100000000000193,-0.120000000000005,0
diagnosticos_carro_diag_vobs,0,175.56,17557,1,0.0100000000000193,-0.120000000000005,0
diagnosticos_carro_diag_integral,0,175.56,17557,1,0.0100000000000193,-0.120000000000005,0
diagnosticos_carro_diag_p,0,175.56,17557,1,0.0100000000000193,-0.120000000000005,0
diagnosticos_carro_diag_i,0,175.56,17557,1,0.0100000000000193,-0.120000000000005,0
diagnosticos_carro_diag_acmd,0,175.56,17557,1,0.0100000000000193,-0.120000000000005,0
diagnosticos_carro_diag_acmd_applied,0,175.56,17557,1,0.0100000000000193,-0.120000000000005,0
diagnosticos_carro_diag_ev,0,175.56,17557,1,0.0100000000000193,-0.120000000000005,0
diagnosticos_carro_aw_delta_a_limite,0,175.56,17557,1,0.0100000000000193,-0.120000000000005,0
diagnosticos_carro_aw_delta_a_limite_memoria,0,175.56,17557,1,0.0100000000000193,-0.120000000000005,0
diagnosticos_carro_aw_delta_a_torque,0,175.56,17557,1,0.0100000000000193,-0.120000000000005,0
diagnosticos_carro_aw_delta_a_total,0,175.56,17557,1,0.0100000000000193,-0.120000000000005,0
diagnosticos_carro_aw_correccion_integrador,0,175.56,17557,1,0.0100000000000193,-0.120000000000005,0
diagnosticos_carro_mc_integrator_input,0,175.56,17557,1,0.0100000000000193,-0.120000000000005,0
diagnosticos_carro_antisway_correccion_aplicada,0,175.56,17557,1,0.0100000000000193,-0.120000000000005,0
diagnosticos_carro_sw_feedback_comun,0,175.56,17557,1,0.0100000000000193,-0.120000000000005,0
diagnosticos_carro_sw_anticipacion_comun,0,175.56,17557,1,0.0100000000000193,-0.120000000000005,0
diagnosticos_carro_sw_habilitacion_comun,0,175.56,17557,1,0.0100000000000193,-0.120000000000005,0
diagnosticos_carro_diag_sw_unsat,0,175.56,17557,1,0.0100000000000193,-0.120000000000005,0
diagnosticos_carro_diag_sw_gain,0,175.56,17557,1,0.0100000000000193,-0.120000000000005,0
diagnosticos_carro_angulo_referencia,0,175.56,17557,1,0.0100000000000193,-0.120000000000005,0
diagnosticos_carro_diag_aff,0,175.56,17557,1,0.0100000000000193,-0.120000000000005,0
diagnosticos_carro_diag_xref_input,0,175.56,17557,1,0.0100000000000193,-0.120000000000005,0
diagnosticos_carro_diag_vref_input,0,175.56,17557,1,0.0100000000000193,-0.120000000000005,0
diagnosticos_carro_diag_aref_input,0,175.56,17557,1,0.0100000000000193,-0.120000000000005,0
diagnosticos_carro_diag_xencoder,0,175.56,17557,1,0.0100000000000193,-0.120000000000005,0
diagnosticos_carro_diag_omega_observer,0,175.56,17557,1,0.0100000000000193,-0.120000000000005,0
diagnosticos_carro_diag_theta_medida,0,175.56,17557,1,0.0100000000000193,-0.120000000000005,0
diagnosticos_carro_diag_theta_eff,0,175.56,17557,1,0.0100000000000193,-0.120000000000005,0
diagnosticos_carro_diag_brake_supervisor,0,175.56,17557,1,0.0100000000000193,-0.120000000000005,0
diagnosticos_carro_ensayo_vcmd_sum,0,175.56,17557,1,0.0100000000000193,-0.120000000000005,0
diagnosticos_carro_ensayo_sw_limitada,0,175.56,17557,1,0.0100000000000193,-0.120000000000005,0
diagnosticos_izaje_torque_izaje_consigna_controlador,0,175.56,17557,1,0.0100000000000193,-0.120000000000005,0
diagnosticos_izaje_mc_hoist_velocity_error,0,175.56,17557,1,0.0100000000000193,-0.120000000000005,0
diagnosticos_izaje_mc_hoist_integral1,0,175.56,17557,1,0.0100000000000193,-0.120000000000005,0
diagnosticos_izaje_mc_hoist_integral2,0,175.56,17557,1,0.0100000000000193,-0.120000000000005,0
diagnosticos_izaje_mc_hoist_P,0,175.56,17557,1,0.0100000000000193,-0.120000000000005,0
diagnosticos_izaje_mc_hoist_D,0,175.56,17557,1,0.0100000000000193,-0.120000000000005,0
diagnosticos_izaje_mc_hoist_I,0,175.56,17557,1,0.0100000000000193,-0.120000000000005,0
diagnosticos_izaje_mc_hoist_FF,0,175.56,17557,1,0.0100000000000193,-0.120000000000005,0
fuerza_contacto_fisica,0,175.559,54813,1,0.00333333333335872,-0.119,0
grupo1_Inport_01,0,175.2,439,1,0.400000000000006,0.239999999999981,0
grupo1_Inport_01_2,0,175.2,439,1,0.400000000000006,0.239999999999981,0
grupo1_Inport_02,0,175.2,439,1,0.400000000000006,0.239999999999981,0
grupo1_Inport_02_2,0,175.2,439,1,0.400000000000006,0.239999999999981,0
grupo1_Inport_03,0,175.2,439,1,0.400000000000006,0.239999999999981,0
grupo1_Inport_03_2,0,175.2,439,1,0.400000000000006,0.239999999999981,0
grupo1_Inport_04,0,175.2,439,1,0.400000000000006,0.239999999999981,0
grupo1_Inport_04_2,0,175.2,439,1,0.400000000000006,0.239999999999981,0
grupo1_Inport_05,0,175.2,439,1,0.400000000000006,0.239999999999981,0
grupo1_Inport_05_2,0,175.2,439,1,0.400000000000006,0.239999999999981,0
grupo1_Inport_06,0,0,1,0,0,175.44,1
grupo1_Inport_06_2,0,0,1,0,0,175.44,1
grupo1_Inport_07,0,0,1,0,0,175.44,1
grupo1_Inport_07_2,0,0,1,0,0,175.44,1
grupo1_Inport_08,0,175.2,439,1,0.400000000000006,0.239999999999981,0
grupo1_Inport_08_2,0,175.2,439,1,0.400000000000006,0.239999999999981,0
grupo1_Inport_09,0,175.56,17557,1,0.0100000000000193,-0.120000000000005,0
grupo1_Inport_09_2,0,175.56,17557,1,0.0100000000000193,-0.120000000000005,0
grupo1_Inport_10,0,175.4,878,1,0.200000000000017,0.039999999999992,0
grupo1_Inport_10_2,0,175.4,878,1,0.200000000000017,0.039999999999992,0
grupo1_Inport_11,0,175.559,54813,1,0.00333333333335872,-0.119,0
grupo1_Inport_11_2,0,175.559,54813,1,0.00333333333335872,-0.119,0
grupo1_Inport_12,0,175.559,54813,1,0.00333333333335872,-0.119,0
grupo1_Inport_12_2,0,175.559,54813,1,0.00333333333335872,-0.119,0
grupo1_Inport_13,0,175.4,878,1,0.200000000000017,0.039999999999992,0
grupo1_Inport_13_2,0,175.4,878,1,0.200000000000017,0.039999999999992,0
grupo1_Inport_14,0,175.4,878,1,0.200000000000017,0.039999999999992,0
grupo1_Inport_14_2,0,175.4,878,1,0.200000000000017,0.039999999999992,0
grupo1_Inport_15,0,175.4,878,1,0.200000000000017,0.039999999999992,0
grupo1_Inport_15_2,0,175.4,878,1,0.200000000000017,0.039999999999992,0
grupo1_Inport_16,0,175.2,439,1,0.400000000000006,0.239999999999981,0
grupo1_Inport_16_2,0,175.2,439,1,0.400000000000006,0.239999999999981,0
grupo1_Inport_17,0,175.2,439,1,0.400000000000006,0.239999999999981,0
grupo1_Inport_17_2,0,175.2,439,1,0.400000000000006,0.239999999999981,0
grupo1_Inport_18,0,175.56,17557,1,0.0100000000000193,-0.120000000000005,0
grupo1_Inport_18_2,0,175.56,17557,1,0.0100000000000193,-0.120000000000005,0
grupo1_Inport_19,0,175.56,17557,1,0.0100000000000193,-0.120000000000005,0
grupo1_Inport_19_2,0,175.56,17557,1,0.0100000000000193,-0.120000000000005,0
grupo1_Inport_20,0,175.559,54813,1,0.00333333333335872,-0.119,0
grupo1_Inport_20_2,0,175.559,54813,1,0.00333333333335872,-0.119,0
grupo1_Inport_21,0,175.559,54813,1,0.00333333333335872,-0.119,0
grupo1_Inport_21_2,0,175.559,54813,1,0.00333333333335872,-0.119,0
grupo1_Inport_22,0,175.559,54813,1,0.00333333333335872,-0.119,0
grupo1_Inport_22_2,0,175.559,54813,1,0.00333333333335872,-0.119,0
grupo1_Inport_23,0,175.4,878,1,0.200000000000017,0.039999999999992,0
grupo1_Inport_23_2,0,175.4,878,1,0.200000000000017,0.039999999999992,0
grupo1_Inport_24,0,175.4,878,1,0.200000000000017,0.039999999999992,0
grupo1_Inport_24_2,0,175.4,878,1,0.200000000000017,0.039999999999992,0
grupo1_Inport_25,0,175.2,439,1,0.400000000000006,0.239999999999981,0
grupo1_Inport_25_2,0,175.2,439,1,0.400000000000006,0.239999999999981,0
grupo1_Inport_26,0,0,1,0,0,175.44,1
grupo1_Inport_26_2,0,0,1,0,0,175.44,1
grupo1_Inport_27,0,0,1,0,0,175.44,1
grupo1_Inport_27_2,0,0,1,0,0,175.44,1
grupo1_Inport_28,0,175.559,54813,1,0.00333333333335872,-0.119,0
grupo1_Inport_28_2,0,175.559,54813,1,0.00333333333335872,-0.119,0
grupo1_Inport_29,0,175.559,54813,1,0.00333333333335872,-0.119,0
grupo1_Inport_29_2,0,175.559,54813,1,0.00333333333335872,-0.119,0
grupo1_Inport_30,0,175.2,439,1,0.400000000000006,0.239999999999981,0
grupo1_Inport_30_2,0,175.2,439,1,0.400000000000006,0.239999999999981,0
grupo1_Inport_31,0,175.559,54813,1,0.00333333333335872,-0.119,0
grupo1_Inport_31_2,0,175.559,54813,1,0.00333333333335872,-0.119,0
grupo1_Inport_32,0,175.559,54813,1,0.00333333333335872,-0.119,0
grupo1_Inport_32_2,0,175.559,54813,1,0.00333333333335872,-0.119,0
grupo1_Inport_33,0,0,1,0,0,175.44,1
grupo1_Inport_33_2,0,0,1,0,0,175.44,1
grupo1_Inport_34,0,175.2,439,1,0.400000000000006,0.239999999999981,0
grupo1_Inport_35,0,175.559,54813,1,0.00333333333335872,-0.119,0
grupo1_Inport_36,0,175.559,54813,1,0.00333333333335872,-0.119,0
grupo1_Inport_37,0,175.559,54813,1,0.00333333333335872,-0.119,0
grupo1_Inport_38,0,175.559,54813,1,0.00333333333335872,-0.119,0
grupo1_Inport_39,0,0,1,0,0,175.44,1
grupo1_Inport_40,0,175.2,439,1,0.400000000000006,0.239999999999981,0
grupo1_Inport_41,0,175.559,54813,1,0.00333333333335872,-0.119,0
grupo1_Outport_01,0,175.4,878,1,0.200000000000017,0.039999999999992,0
grupo1_Outport_01_2,0,175.4,878,1,0.200000000000017,0.039999999999992,0
grupo1_Outport_02,0,175.4,878,1,0.200000000000017,0.039999999999992,0
grupo1_Outport_02_2,0,175.4,878,1,0.200000000000017,0.039999999999992,0
grupo1_Outport_03,0,175.4,878,1,0.200000000000017,0.039999999999992,0
grupo1_Outport_04,0,175.4,878,1,0.200000000000017,0.039999999999992,0
grupo1_Outport_04_2,0,175.4,878,1,0.200000000000017,0.039999999999992,0
grupo1_Outport_05,0,175.4,878,1,0.200000000000017,0.039999999999992,0
grupo1_Outport_05_2,0,175.4,878,1,0.200000000000017,0.039999999999992,0
grupo1_Outport_06,0,175.4,878,1,0.200000000000017,0.039999999999992,0
grupo1_Outport_06_2,0,175.4,878,1,0.200000000000017,0.039999999999992,0
grupo1_Outport_07,0,175.4,878,1,0.200000000000017,0.039999999999992,0
grupo1_Outport_07_2,0,175.4,878,1,0.200000000000017,0.039999999999992,0
grupo1_Outport_08,0,175.4,878,1,0.200000000000017,0.039999999999992,0
grupo1_Outport_09,0,175.4,878,1,0.200000000000017,0.039999999999992,0
grupo1_Outport_09_2,0,175.4,878,1,0.200000000000017,0.039999999999992,0
grupo1_Outport_10,0,175.4,878,1,0.200000000000017,0.039999999999992,0
grupo1_Outport_10_2,0,175.4,878,1,0.200000000000017,0.039999999999992,0
grupo1_Outport_11,0,175.4,878,1,0.200000000000017,0.039999999999992,0
grupo1_Outport_11_2,0,175.4,878,1,0.200000000000017,0.039999999999992,0
grupo1_Outport_12,0,175.4,878,1,0.200000000000017,0.039999999999992,0
grupo1_Outport_12_2,0,175.4,878,1,0.200000000000017,0.039999999999992,0
grupo1_Outport_13,0,175.4,878,1,0.200000000000017,0.039999999999992,0
grupo1_Outport_13_2,0,175.4,878,1,0.200000000000017,0.039999999999992,0
grupo1_Outport_14,0,175.4,878,1,0.200000000000017,0.039999999999992,0
grupo1_Outport_14_2,0,175.4,878,1,0.200000000000017,0.039999999999992,0
grupo1_Outport_15,0,175.4,878,1,0.200000000000017,0.039999999999992,0
grupo1_Outport_15_2,0,175.4,878,1,0.200000000000017,0.039999999999992,0
grupo1_Outport_16,0,175.4,878,1,0.200000000000017,0.039999999999992,0
grupo1_Outport_17,0,175.4,878,1,0.200000000000017,0.039999999999992,0
grupo1_Outport_18,0,175.4,878,1,0.200000000000017,0.039999999999992,0
grupo1_Outport_18_2,0,175.4,878,1,0.200000000000017,0.039999999999992,0
grupo1_Outport_19,0,175.4,878,1,0.200000000000017,0.039999999999992,0
grupo1_Outport_19_2,0,175.4,878,1,0.200000000000017,0.039999999999992,0
grupo1_Outport_20,0,175.4,878,1,0.200000000000017,0.039999999999992,0
grupo1_Outport_20_2,0,175.4,878,1,0.200000000000017,0.039999999999992,0
grupo1_Outport_21,0,175.4,878,1,0.200000000000017,0.039999999999992,0
grupo1_Outport_21_2,0,175.4,878,1,0.200000000000017,0.039999999999992,0
grupo1_Outport_22,0,175.4,878,1,0.200000000000017,0.039999999999992,0
grupo1_Outport_22_2,0,175.4,878,1,0.200000000000017,0.039999999999992,0
grupo1_Outport_23,0,175.4,878,1,0.200000000000017,0.039999999999992,0
grupo1_Outport_23_2,0,175.4,878,1,0.200000000000017,0.039999999999992,0
grupo1_Outport_24,0,175.4,878,1,0.200000000000017,0.039999999999992,0
grupo1_Outport_24_2,0,175.4,878,1,0.200000000000017,0.039999999999992,0
grupo1_Outport_25,0,175.4,878,1,0.200000000000017,0.039999999999992,0
grupo1_Outport_25_2,0,175.4,878,1,0.200000000000017,0.039999999999992,0
grupo1_Outport_26,0,175.4,878,1,0.200000000000017,0.039999999999992,0
grupo1_Outport_26_2,0,175.4,878,1,0.200000000000017,0.039999999999992,0
grupo1_Outport_27,0,175.4,878,1,0.200000000000017,0.039999999999992,0
grupo1_Outport_27_2,0,175.4,878,1,0.200000000000017,0.039999999999992,0
grupo1_Outport_28,0,175.4,878,1,0.200000000000017,0.039999999999992,0
grupo1_Outport_28_2,0,175.4,878,1,0.200000000000017,0.039999999999992,0
grupo1_Outport_29,0,175.4,878,1,0.200000000000017,0.039999999999992,0
grupo1_Outport_29_2,0,175.4,878,1,0.200000000000017,0.039999999999992,0
grupo1_Outport_30,0,175.4,878,1,0.200000000000017,0.039999999999992,0
grupo1_Outport_30_2,0,175.4,878,1,0.200000000000017,0.039999999999992,0
grupo1_Outport_31,0,175.4,878,1,0.200000000000017,0.039999999999992,0
grupo1_Outport_31_2,0,175.4,878,1,0.200000000000017,0.039999999999992,0
grupo1_Outport_32,0,175.4,878,1,0.200000000000017,0.039999999999992,0
grupo1_Outport_32_2,0,175.4,878,1,0.200000000000017,0.039999999999992,0
grupo1_Outport_33,0,175.4,878,1,0.200000000000017,0.039999999999992,0
grupo1_Outport_33_2,0,175.4,878,1,0.200000000000017,0.039999999999992,0
grupo1_Outport_34,0,175.4,878,1,0.200000000000017,0.039999999999992,0
grupo1_Outport_34_2,0,175.4,878,1,0.200000000000017,0.039999999999992,0
grupo1_Outport_35,0,175.4,878,1,0.200000000000017,0.039999999999992,0
grupo1_Outport_35_2,0,175.4,878,1,0.200000000000017,0.039999999999992,0
grupo1_Outport_36,0,175.4,878,1,0.200000000000017,0.039999999999992,0
grupo1_Outport_36_2,0,175.4,878,1,0.200000000000017,0.039999999999992,0
grupo1_Outport_37,0,175.4,878,1,0.200000000000017,0.039999999999992,0
grupo1_Outport_37_2,0,175.4,878,1,0.200000000000017,0.039999999999992,0
grupo1_Outport_38,0,175.4,878,1,0.200000000000017,0.039999999999992,0
grupo1_Outport_38_2,0,175.4,878,1,0.200000000000017,0.039999999999992,0
grupo1_Outport_39,0,175.4,878,1,0.200000000000017,0.039999999999992,0
grupo1_Outport_40,0,175.4,878,1,0.200000000000017,0.039999999999992,0
grupo1_Outport_41,0,175.4,878,1,0.200000000000017,0.039999999999992,0
grupo1_Outport_42,0,175.4,878,1,0.200000000000017,0.039999999999992,0
grupo1_Outport_43,0,175.4,878,1,0.200000000000017,0.039999999999992,0
grupo1_Outport_44,0,175.4,878,1,0.200000000000017,0.039999999999992,0
grupo2_Inport_01,0,175.559,54813,1,0.00333333333335872,-0.119,0
grupo2_Inport_02,0,175.559,54813,1,0.00333333333335872,-0.119,0
grupo2_Inport_03,0,175.559,54813,1,0.00333333333335872,-0.119,0
grupo2_Inport_04,0,175.559,54813,1,0.00333333333335872,-0.119,0
grupo2_Inport_05,0,175.559,54813,1,0.00333333333335872,-0.119,0
grupo2_Inport_06,0,175.559,54813,1,0.00333333333335872,-0.119,0
grupo2_Inport_07,0,175.559,54813,1,0.00333333333335872,-0.119,0
grupo2_Inport_08,0,175.56,52669,1,0.00333333333335872,-0.120000000000005,0
grupo2_Outport_01,0,175.559,54813,1,0.00333333333335872,-0.119,0
grupo2_Outport_02,0,175.559,54813,1,0.00333333333335872,-0.119,0
grupo2_Outport_04,0,175.559,54813,1,0.00333333333335872,-0.119,0
grupo2_Outport_05,0,175.559,54813,1,0.00333333333335872,-0.119,0
grupo2_Outport_06,0,175.559,54813,1,0.00333333333335872,-0.119,0
grupo2_Outport_07,0,175.559,54813,1,0.00333333333335872,-0.119,0
grupo2_Outport_08,0,175.559,54813,1,0.00333333333335872,-0.119,0
grupo2_Outport_09,0,175.559,54813,1,0.00333333333335872,-0.119,0
grupo2_Outport_10,0,175.559,54813,1,0.00333333333335872,-0.119,0
grupo3_Inport_01,0,175.4,878,1,0.200000000000017,0.039999999999992,0
grupo3_Inport_02,0,175.559,54813,1,0.00333333333335872,-0.119,0
grupo3_Inport_03,0,175.559,54813,1,0.00333333333335872,-0.119,0
grupo3_Inport_04,0,175.559,54813,1,0.00333333333335872,-0.119,0
grupo3_Inport_05,0,175.56,17557,1,0.0100000000000193,-0.120000000000005,0
grupo3_Inport_06,0,175.56,17557,1,0.0100000000000193,-0.120000000000005,0
grupo3_Outport_01,0,175.559,54813,1,0.00333333333335872,-0.119,0
grupo3_Outport_02,0,175.559,54813,1,0.00333333333335872,-0.119,0
grupo3_Outport_03,0,175.559,54813,1,0.00333333333335872,-0.119,0
grupo3_Outport_04,0,175.559,54813,1,0.00333333333335872,-0.119,0
grupo4_Inport_01,0,175.2,439,1,0.400000000000006,0.239999999999981,0
grupo4_Inport_02,0,175.2,439,1,0.400000000000006,0.239999999999981,0
grupo4_Inport_03,0,175.2,439,1,0.400000000000006,0.239999999999981,0
grupo4_Inport_04,0,175.2,439,1,0.400000000000006,0.239999999999981,0
grupo4_Inport_05,0,175.2,439,1,0.400000000000006,0.239999999999981,0
grupo4_Inport_06,0,175.2,439,1,0.400000000000006,0.239999999999981,0
grupo4_Inport_07,0,175.2,439,1,0.400000000000006,0.239999999999981,0
grupo4_Inport_08,0,175.2,439,1,0.400000000000006,0.239999999999981,0
grupo4_Inport_09,0,175.2,439,1,0.400000000000006,0.239999999999981,0
grupo4_Inport_10,0,175.2,439,1,0.400000000000006,0.239999999999981,0
grupo4_Inport_11,0,175.2,439,1,0.400000000000006,0.239999999999981,0
grupo4_Inport_12,0,175.2,439,1,0.400000000000006,0.239999999999981,0
grupo4_Inport_13,0,175.2,439,1,0.400000000000006,0.239999999999981,0
grupo4_Inport_14,0,175.2,439,1,0.400000000000006,0.239999999999981,0
grupo4_Inport_15,0,175.2,439,1,0.400000000000006,0.239999999999981,0
grupo4_Inport_16,0,175.2,439,1,0.400000000000006,0.239999999999981,0
grupo4_Inport_17,0,175.2,439,1,0.400000000000006,0.239999999999981,0
grupo4_Inport_18,0,175.2,439,1,0.400000000000006,0.239999999999981,0
grupo4_Inport_19,0,175.2,439,1,0.400000000000006,0.239999999999981,0
grupo4_Inport_20,0,175.2,439,1,0.400000000000006,0.239999999999981,0
grupo4_Inport_21,0,175.2,439,1,0.400000000000006,0.239999999999981,0
grupo4_Inport_22,0,175.2,439,1,0.400000000000006,0.239999999999981,0
grupo4_Inport_23,0,175.2,439,1,0.400000000000006,0.239999999999981,0
grupo4_Inport_24,0,175.2,439,1,0.400000000000006,0.239999999999981,0
grupo4_Inport_25,0,175.2,439,1,0.400000000000006,0.239999999999981,0
grupo4_Inport_26,0,175.2,439,1,0.400000000000006,0.239999999999981,0
grupo4_Inport_27,0,175.2,439,1,0.400000000000006,0.239999999999981,0
grupo4_Inport_28,0,175.2,439,1,0.400000000000006,0.239999999999981,0
grupo4_Inport_29,0,175.2,439,1,0.400000000000006,0.239999999999981,0
grupo4_Inport_30,0,175.2,439,1,0.400000000000006,0.239999999999981,0
grupo4_Inport_31,0,175.2,439,1,0.400000000000006,0.239999999999981,0
grupo4_Inport_32,0,175.2,439,1,0.400000000000006,0.239999999999981,0
grupo4_Inport_33,0,175.2,439,1,0.400000000000006,0.239999999999981,0
grupo4_Inport_34,0,175.2,439,1,0.400000000000006,0.239999999999981,0
grupo4_Inport_35,0,175.2,439,1,0.400000000000006,0.239999999999981,0
grupo4_Inport_36,0,175.2,439,1,0.400000000000006,0.239999999999981,0
grupo4_Inport_37,0,175.2,439,1,0.400000000000006,0.239999999999981,0
grupo4_Inport_38,0,175.2,439,1,0.400000000000006,0.239999999999981,0
grupo4_Inport_39,0,175.2,439,1,0.400000000000006,0.239999999999981,0
grupo4_Inport_40,0,175.2,439,1,0.400000000000006,0.239999999999981,0
grupo4_Inport_41,0,175.2,439,1,0.400000000000006,0.239999999999981,0
grupo4_Inport_42,0,175.4,878,1,0.200000000000017,0.039999999999992,0
grupo4_Outport_01,0,175.2,439,1,0.400000000000006,0.239999999999981,0
grupo4_Outport_02,0,175.2,439,1,0.400000000000006,0.239999999999981,0
grupo4_Outport_03,0,175.2,439,1,0.400000000000006,0.239999999999981,0
grupo4_Outport_04,0,175.2,439,1,0.400000000000006,0.239999999999981,0
grupo4_Outport_05,0,175.2,439,1,0.400000000000006,0.239999999999981,0
grupo4_Outport_06,0,175.2,439,1,0.400000000000006,0.239999999999981,0
grupo4_Outport_07,0,175.2,439,1,0.400000000000006,0.239999999999981,0
grupo4_Outport_08,0,175.2,439,1,0.400000000000006,0.239999999999981,0
grupo4_Outport_09,0,175.2,439,1,0.400000000000006,0.239999999999981,0
grupo4_Outport_10,0,175.2,439,1,0.400000000000006,0.239999999999981,0
grupo4_Outport_11,0,175.2,439,1,0.400000000000006,0.239999999999981,0
grupo4_Outport_12,0,175.2,439,1,0.400000000000006,0.239999999999981,0
grupo4_Outport_13,0,175.2,439,1,0.400000000000006,0.239999999999981,0
grupo4_Outport_15,0,175.2,439,1,0.400000000000006,0.239999999999981,0
grupo5_Inport_01,0,175.56,17557,1,0.0100000000000193,-0.120000000000005,0
grupo5_Inport_02,0,175.56,17557,1,0.0100000000000193,-0.120000000000005,0
grupo5_Inport_04,0,175.4,878,1,0.200000000000017,0.039999999999992,0
grupo5_Inport_05,0,175.4,878,1,0.200000000000017,0.039999999999992,0
grupo5_Inport_06,0,175.56,52669,1,0.00333333333335872,-0.120000000000005,0
grupo5_Inport_07,0,175.559,54813,1,0.00333333333335872,-0.119,0
grupo5_Outport_01,0,175.559,54813,1,0.00333333333335872,-0.119,0
grupo5_Outport_02,0,175.559,54813,1,0.00333333333335872,-0.119,0
grupo5_Outport_06,0,175.559,54813,1,0.00333333333335872,-0.119,0
grupo5_Outport_07,0,175.559,54813,1,0.00333333333335872,-0.119,0
grupo5_Outport_08,0,175.559,54813,1,0.00333333333335872,-0.119,0
grupo5_Outport_10,0,175.559,54813,1,0.00333333333335872,-0.119,0
grupo5_Outport_11,0,175.559,54813,1,0.00333333333335872,-0.119,0
grupo5_Outport_12,0,175.56,17557,1,0.0100000000000193,-0.120000000000005,0
grupo6_Inport_01,0,175.559,54813,1,0.00333333333335872,-0.119,0
grupo6_Inport_02,0,175.559,54813,1,0.00333333333335872,-0.119,0
grupo6_Outport_01,0,175.56,17557,1,0.0100000000000193,-0.120000000000005,0
grupo7_Inport_01_force,0,175.56,17557,1,0.0100000000000193,-0.120000000000005,0
grupo7_Inport_01_motorAngleT,0,175.56,17557,1,0.0100000000000193,-0.120000000000005,0
grupo7_Inport_01_motorAngleH,0,175.56,17557,1,0.0100000000000193,-0.120000000000005,0
grupo7_Inport_01_theta,0,175.56,17557,1,0.0100000000000193,-0.120000000000005,0
grupo7_Inport_02_xRef,0,175.56,17557,1,0.0100000000000193,-0.120000000000005,0
grupo7_Inport_02_vRef,0,175.56,17557,1,0.0100000000000193,-0.120000000000005,0
grupo7_Inport_02_aRef,0,175.56,17557,1,0.0100000000000193,-0.120000000000005,0
grupo7_Inport_02_hoistVelocityRef,0,175.56,17557,1,0.0100000000000193,-0.120000000000005,0
grupo7_Inport_02_hoistAccelerationRef,0,175.56,17557,1,0.0100000000000193,-0.120000000000005,0
grupo7_Inport_02_swTransfer,0,175.56,17557,1,0.0100000000000193,-0.120000000000005,0
grupo7_Inport_03_brakeOpen,0,175.56,17557,1,0.0100000000000193,-0.120000000000005,0
grupo7_Inport_03_E,0,175.56,17557,1,0.0100000000000193,-0.120000000000005,0
grupo7_Inport_04_deltaTorqueDelayed,0,175.56,17557,1,0.0100000000000193,-0.120000000000005,0
grupo7_Outport_01,0,175.56,17557,1,0.0100000000000193,-0.120000000000005,0
grupo7_Outport_02,0,175.56,17557,1,0.0100000000000193,-0.120000000000005,0
grupo7_Outport_03,0,175.56,17557,1,0.0100000000000193,-0.120000000000005,0
grupo7_Outport_04_x,0,175.56,17557,1,0.0100000000000193,-0.120000000000005,0
grupo7_Outport_04_omegaDrum,0,175.56,17557,1,0.0100000000000193,-0.120000000000005,0
grupo7_Outport_04_velocity,0,175.56,17557,1,0.0100000000000193,-0.120000000000005,0
grupo7_Outport_04_observerAngle,0,175.56,17557,1,0.0100000000000193,-0.120000000000005,0
grupo7_Outport_05_length,0,175.56,17557,1,0.0100000000000193,-0.120000000000005,0
grupo7_Outport_05_lengthRate,0,175.56,17557,1,0.0100000000000193,-0.120000000000005,0
grupo7_Outport_05_omegaDrum,0,175.56,17557,1,0.0100000000000193,-0.120000000000005,0
grupo7_Outport_05_observerAngle,0,175.56,17557,1,0.0100000000000193,-0.120000000000005,0
grupo7_Outport_06_diag_torque_unsat,0,175.56,17557,1,0.0100000000000193,-0.120000000000005,0
grupo7_Outport_06_diag_vcmd,0,175.56,17557,1,0.0100000000000193,-0.120000000000005,0
grupo7_Outport_06_diag_vcmd_applied,0,175.56,17557,1,0.0100000000000193,-0.120000000000005,0
grupo7_Outport_06_diag_vobs,0,175.56,17557,1,0.0100000000000193,-0.120000000000005,0
grupo7_Outport_06_diag_integral,0,175.56,17557,1,0.0100000000000193,-0.120000000000005,0
grupo7_Outport_06_diag_p,0,175.56,17557,1,0.0100000000000193,-0.120000000000005,0
grupo7_Outport_06_diag_i,0,175.56,17557,1,0.0100000000000193,-0.120000000000005,0
grupo7_Outport_06_diag_acmd,0,175.56,17557,1,0.0100000000000193,-0.120000000000005,0
grupo7_Outport_06_diag_acmd_applied,0,175.56,17557,1,0.0100000000000193,-0.120000000000005,0
grupo7_Outport_06_diag_ev,0,175.56,17557,1,0.0100000000000193,-0.120000000000005,0
grupo7_Outport_06_aw_delta_a_limite,0,175.56,17557,1,0.0100000000000193,-0.120000000000005,0
grupo7_Outport_06_aw_delta_a_limite_memoria,0,175.56,17557,1,0.0100000000000193,-0.120000000000005,0
grupo7_Outport_06_aw_delta_a_torque,0,175.56,17557,1,0.0100000000000193,-0.120000000000005,0
grupo7_Outport_06_aw_delta_a_total,0,175.56,17557,1,0.0100000000000193,-0.120000000000005,0
grupo7_Outport_06_aw_correccion_integrador,0,175.56,17557,1,0.0100000000000193,-0.120000000000005,0
grupo7_Outport_06_mc_integrator_input,0,175.56,17557,1,0.0100000000000193,-0.120000000000005,0
grupo7_Outport_06_antisway_correccion_aplicada,0,175.56,17557,1,0.0100000000000193,-0.120000000000005,0
grupo7_Outport_06_sw_feedback_comun,0,175.56,17557,1,0.0100000000000193,-0.120000000000005,0
grupo7_Outport_06_sw_anticipacion_comun,0,175.56,17557,1,0.0100000000000193,-0.120000000000005,0
grupo7_Outport_06_sw_habilitacion_comun,0,175.56,17557,1,0.0100000000000193,-0.120000000000005,0
grupo7_Outport_06_diag_sw_unsat,0,175.56,17557,1,0.0100000000000193,-0.120000000000005,0
grupo7_Outport_06_diag_sw_gain,0,175.56,17557,1,0.0100000000000193,-0.120000000000005,0
grupo7_Outport_06_angulo_referencia,0,175.56,17557,1,0.0100000000000193,-0.120000000000005,0
grupo7_Outport_06_diag_aff,0,175.56,17557,1,0.0100000000000193,-0.120000000000005,0
grupo7_Outport_06_diag_xref_input,0,175.56,17557,1,0.0100000000000193,-0.120000000000005,0
grupo7_Outport_06_diag_vref_input,0,175.56,17557,1,0.0100000000000193,-0.120000000000005,0
grupo7_Outport_06_diag_aref_input,0,175.56,17557,1,0.0100000000000193,-0.120000000000005,0
grupo7_Outport_06_diag_xencoder,0,175.56,17557,1,0.0100000000000193,-0.120000000000005,0
grupo7_Outport_06_diag_omega_observer,0,175.56,17557,1,0.0100000000000193,-0.120000000000005,0
grupo7_Outport_06_diag_theta_medida,0,175.56,17557,1,0.0100000000000193,-0.120000000000005,0
grupo7_Outport_06_diag_theta_eff,0,175.56,17557,1,0.0100000000000193,-0.120000000000005,0
grupo7_Outport_06_diag_brake_supervisor,0,175.56,17557,1,0.0100000000000193,-0.120000000000005,0
grupo7_Outport_06_ensayo_vcmd_sum,0,175.56,17557,1,0.0100000000000193,-0.120000000000005,0
grupo7_Outport_06_ensayo_sw_limitada,0,175.56,17557,1,0.0100000000000193,-0.120000000000005,0
grupo7_Outport_07_torque_izaje_consigna_controlador,0,175.56,17557,1,0.0100000000000193,-0.120000000000005,0
grupo7_Outport_07_mc_hoist_velocity_error,0,175.56,17557,1,0.0100000000000193,-0.120000000000005,0
grupo7_Outport_07_mc_hoist_integral1,0,175.56,17557,1,0.0100000000000193,-0.120000000000005,0
grupo7_Outport_07_mc_hoist_integral2,0,175.56,17557,1,0.0100000000000193,-0.120000000000005,0
grupo7_Outport_07_mc_hoist_P,0,175.56,17557,1,0.0100000000000193,-0.120000000000005,0
grupo7_Outport_07_mc_hoist_D,0,175.56,17557,1,0.0100000000000193,-0.120000000000005,0
grupo7_Outport_07_mc_hoist_I,0,175.56,17557,1,0.0100000000000193,-0.120000000000005,0
grupo7_Outport_07_mc_hoist_FF,0,175.56,17557,1,0.0100000000000193,-0.120000000000005,0
grupo8_Inport_01,0,175.56,17557,1,0.0100000000000193,-0.120000000000005,0
grupo8_Inport_04,0,175.56,17557,1,0.0100000000000193,-0.120000000000005,0
grupo8_Inport_08,0,175.4,878,1,0.200000000000017,0.039999999999992,0
grupo8_Inport_09,0,175.4,878,1,0.200000000000017,0.039999999999992,0
grupo8_Inport_10,0,175.4,878,1,0.200000000000017,0.039999999999992,0
grupo8_Inport_11,0,175.4,878,1,0.200000000000017,0.039999999999992,0
grupo8_Inport_12,0,0,1,0,0,175.44,1
joy_hor,0,175.559,54813,1,0.00333333333335872,-0.119,0
joy_vert,0,175.559,54813,1,0.00333333333335872,-0.119,0
l_h,0,175.559,54813,1,0.00333333333335872,-0.119,0
longitud_cable_estimada,0,175.56,17557,1,0.0100000000000193,-0.120000000000005,0
masa_fisica_suspendida,0,175.559,54813,1,0.00333333333335872,-0.119,0
mc_antisway_correccion_aplicada,0,175.56,17557,1,0.0100000000000193,-0.120000000000005,0
mc_aw_correccion_integrador,0,175.56,17557,1,0.0100000000000193,-0.120000000000005,0
mc_aw_delta_a_limite,0,175.56,17557,1,0.0100000000000193,-0.120000000000005,0
mc_aw_delta_a_limite_memoria,0,175.56,17557,1,0.0100000000000193,-0.120000000000005,0
mc_aw_delta_a_torque,0,175.56,17557,1,0.0100000000000193,-0.120000000000005,0
mc_aw_delta_a_total,0,175.56,17557,1,0.0100000000000193,-0.120000000000005,0
mc_diag_acmd,0,175.56,17557,1,0.0100000000000193,-0.120000000000005,0
mc_diag_acmd_applied,0,175.56,17557,1,0.0100000000000193,-0.120000000000005,0
mc_diag_aff,0,175.56,17557,1,0.0100000000000193,-0.120000000000005,0
mc_diag_aref_input,0,175.56,17557,1,0.0100000000000193,-0.120000000000005,0
mc_diag_brake_supervisor,0,175.56,17557,1,0.0100000000000193,-0.120000000000005,0
mc_diag_ev,0,175.56,17557,1,0.0100000000000193,-0.120000000000005,0
mc_diag_i,0,175.56,17557,1,0.0100000000000193,-0.120000000000005,0
mc_diag_integral,0,175.56,17557,1,0.0100000000000193,-0.120000000000005,0
mc_diag_omega_observer,0,175.56,17557,1,0.0100000000000193,-0.120000000000005,0
mc_diag_p,0,175.56,17557,1,0.0100000000000193,-0.120000000000005,0
mc_diag_sw_gain,0,175.56,17557,1,0.0100000000000193,-0.120000000000005,0
mc_diag_theta_eff,0,175.56,17557,1,0.0100000000000193,-0.120000000000005,0
mc_diag_theta_medida,0,175.56,17557,1,0.0100000000000193,-0.120000000000005,0
mc_diag_torque_unsat,0,175.56,17557,1,0.0100000000000193,-0.120000000000005,0
mc_diag_vcmd,0,175.56,17557,1,0.0100000000000193,-0.120000000000005,0
mc_diag_vcmd_applied,0,175.56,17557,1,0.0100000000000193,-0.120000000000005,0
mc_diag_vobs,0,175.56,17557,1,0.0100000000000193,-0.120000000000005,0
mc_diag_vref_input,0,175.56,17557,1,0.0100000000000193,-0.120000000000005,0
mc_diag_xencoder,0,175.56,17557,1,0.0100000000000193,-0.120000000000005,0
mc_diag_xref_input,0,175.56,17557,1,0.0100000000000193,-0.120000000000005,0
mc_encoder_lengthRate,0,175.56,17557,1,0.0100000000000193,-0.120000000000005,0
mc_encoder_omegaH,0,175.56,17557,1,0.0100000000000193,-0.120000000000005,0
mc_encoder_omegaT,0,175.56,17557,1,0.0100000000000193,-0.120000000000005,0
mc_encoder_vT,0,175.56,17557,1,0.0100000000000193,-0.120000000000005,0
mc_encoder_x,0,175.56,17557,1,0.0100000000000193,-0.120000000000005,0
mc_hoist_D,0,175.56,17557,1,0.0100000000000193,-0.120000000000005,0
mc_hoist_FF,0,175.56,17557,1,0.0100000000000193,-0.120000000000005,0
mc_hoist_I,0,175.56,17557,1,0.0100000000000193,-0.120000000000005,0
mc_hoist_P,0,175.56,17557,1,0.0100000000000193,-0.120000000000005,0
mc_hoist_integral1,0,175.56,17557,1,0.0100000000000193,-0.120000000000005,0
mc_hoist_integral2,0,175.56,17557,1,0.0100000000000193,-0.120000000000005,0
mc_hoist_velocity_error,0,175.56,17557,1,0.0100000000000193,-0.120000000000005,0
mc_mc_integrator_input,0,175.56,17557,1,0.0100000000000193,-0.120000000000005,0
mc_observer_qH,0,175.56,17557,1,0.0100000000000193,-0.120000000000005,0
mc_observer_qT,0,175.56,17557,1,0.0100000000000193,-0.120000000000005,0
mc_sw_anticipacion_comun,0,175.56,17557,1,0.0100000000000193,-0.120000000000005,0
mc_sw_feedback_comun,0,175.56,17557,1,0.0100000000000193,-0.120000000000005,0
mc_sw_habilitacion_comun,0,175.56,17557,1,0.0100000000000193,-0.120000000000005,0
mon_aHoistMeasured,0,175.56,8779,1,0.0200000000000102,-0.120000000000005,0
mon_aTrolleyMeasured,0,175.56,8779,1,0.0200000000000102,-0.120000000000005,0
mon_automaticTargetY,0,175.56,8779,1,0.0200000000000102,-0.120000000000005,0
mon_axRef,0,175.56,8779,1,0.0200000000000102,-0.120000000000005,0
mon_ayRef,0,175.56,8779,1,0.0200000000000102,-0.120000000000005,0
mon_contact4,0,175.56,175561,1,0.00100000000000477,-0.120000000000005,0
mon_lidarX,0,175.56,548124,1,0.000333333333344399,-0.120000000000005,0
mon_lidarY,0,175.56,548124,1,0.000333333333344399,-0.120000000000005,0
mon_loadedPhysical,0,175.56,548124,1,0.000333333333344399,-0.120000000000005,0
mon_obstacleProfile,0,175.56,548124,1,0.000333333333344399,-0.120000000000005,0
mon_profileMaxY,0,175.56,8779,1,0.0200000000000102,-0.120000000000005,0
mon_profileScanComplete,0,175.56,8779,1,0.0200000000000102,-0.120000000000005,0
mon_profileValid,0,175.56,8779,1,0.0200000000000102,-0.120000000000005,0
mon_ropeTension,0,175.56,548124,1,0.000333333333344399,-0.120000000000005,0
mon_safetyEnvelopeProfile,0,175.56,8779,1,0.0200000000000102,-0.120000000000005,0
mon_scanActive,0,175.56,8779,1,0.0200000000000102,-0.120000000000005,0
mon_scannedObstacleProfile,0,175.56,8779,1,0.0200000000000102,-0.120000000000005,0
mon_swayEnable,0,175.56,8779,1,0.0200000000000102,-0.120000000000005,0
mon_theta,0,175.56,548124,1,0.000333333333344399,-0.120000000000005,0
mon_thetaRate,0,175.56,548124,1,0.000333333333344399,-0.120000000000005,0
mon_torqueProvenHoist,0,175.56,8779,1,0.0200000000000102,-0.120000000000005,0
mon_torqueProvenTrolley,0,175.56,8779,1,0.0200000000000102,-0.120000000000005,0
mon_trackingFault,0,175.56,8779,1,0.0200000000000102,-0.120000000000005,0
mon_twistlockCloseCmd,0,175.56,8779,1,0.0200000000000102,-0.120000000000005,0
mon_twistlocksClosed,0,175.56,8779,1,0.0200000000000102,-0.120000000000005,0
mon_vH,0,175.56,548124,1,0.000333333333344399,-0.120000000000005,0
mon_vxRef,0,175.56,8779,1,0.0200000000000102,-0.120000000000005,0
mon_vyRef,0,175.56,8779,1,0.0200000000000102,-0.120000000000005,0
mon_xRef,0,175.56,8779,1,0.0200000000000102,-0.120000000000005,0
mon_xT,0,175.56,548124,1,0.000333333333344399,-0.120000000000005,0
mon_yH,0,175.56,548124,1,0.000333333333344399,-0.120000000000005,0
mon_yRef,0,175.56,8779,1,0.0200000000000102,-0.120000000000005,0
n0_brakeHoistOpen,0,175.56,8779,1,0.0200000000000102,-0.120000000000005,0
n0_brakeTrolleyOpen,0,175.56,8779,1,0.0200000000000102,-0.120000000000005,0
n0_emergency,0,175.56,8779,1,0.0200000000000102,-0.120000000000005,0
n0_emergencyBrakeHoistOpen,0,175.56,8779,1,0.0200000000000102,-0.120000000000005,0
n0_permitGlobal,0,175.56,8779,1,0.0200000000000102,-0.120000000000005,0
n0_permitHoist,0,175.56,8779,1,0.0200000000000102,-0.120000000000005,0
n0_permitTrolley,0,175.56,8779,1,0.0200000000000102,-0.120000000000005,0
planta_integrador_01_Inport,0,175.559,54813,1,0.00333333333335872,-0.119,0
planta_integrador_01_Outport,0,175.559,54813,1,0.00333333333335872,-0.119,0
planta_integrador_03_Outport,0,175.559,54813,1,0.00333333333335872,-0.119,0
planta_integrador_05_Outport,0,175.559,54813,1,0.00333333333335872,-0.119,0
planta_integrador_07_Inport,0,175.559,54813,1,0.00333333333335872,-0.119,0
planta_integrador_07_Outport,0,175.559,54813,1,0.00333333333335872,-0.119,0
planta_integrador_08_Outport,0,175.559,54813,1,0.00333333333335872,-0.119,0
planta_integrador_09_Inport,0,175.559,54813,1,0.00333333333335872,-0.119,0
planta_integrador_09_Outport,0,175.559,54813,1,0.00333333333335872,-0.119,0
planta_integrador_10_Inport,0,175.559,54813,1,0.00333333333335872,-0.119,0
planta_integrador_10_Outport,0,175.559,54813,1,0.00333333333335872,-0.119,0
planta_integrador_11_Inport,0,175.559,54813,1,0.00333333333335872,-0.119,0
planta_integrador_11_Outport,0,175.559,54813,1,0.00333333333335872,-0.119,0
planta_integrador_12_Outport,0,175.559,54813,1,0.00333333333335872,-0.119,0
planta_integrador_13_Inport,0,175.559,54813,1,0.00333333333335872,-0.119,0
planta_integrador_13_Outport,0,175.559,54813,1,0.00333333333335872,-0.119,0
registro_823,0,175.559,54813,1,0.00333333333335872,-0.119,0
sumFcx,0,175.559,54813,1,0.00333333333335872,-0.119,0
sup_alarmCode,0,175.56,8779,1,0.0200000000000102,-0.120000000000005,0
sup_faultCode,0,175.56,8779,1,0.0200000000000102,-0.120000000000005,0
sup_loadedState,0,175.56,8779,1,0.0200000000000102,-0.120000000000005,0
sup_modeCode,0,175.56,8779,1,0.0200000000000102,-0.120000000000005,0
sup_overloadDetected,0,175.56,8779,1,0.0200000000000102,-0.120000000000005,0
tension_fisica_cable,0,175.559,54813,1,0.00333333333335872,-0.119,0
torque_carro_consigna_controlador,0,175.56,17557,1,0.0100000000000193,-0.120000000000005,0
torque_carro_fisico_motor,0,175.559,54813,1,0.00333333333335872,-0.119,0
torque_izaje_consigna_controlador,0,175.56,17557,1,0.0100000000000193,-0.120000000000005,0
torque_izaje_consigna_controlador_2,0,175.56,17557,1,0.0100000000000193,-0.120000000000005,0
torque_izaje_fisico_motor,0,175.559,54813,1,0.00333333333335872,-0.119,0
v_carro_fisica,0,175.559,54813,1,0.00333333333335872,-0.119,0
v_cmd,0,175.56,17557,1,0.0100000000000193,-0.120000000000005,0
v_izaje_fisica,0,175.559,54813,1,0.00333333333335872,-0.119,0
v_lx,0,175.559,54813,1,0.00333333333335872,-0.119,0
v_ref,0,175.56,17557,1,0.0100000000000193,-0.120000000000005,0
v_t,0,175.559,54813,1,0.00333333333335872,-0.119,0
v_td,0,175.559,54813,1,0.00333333333335872,-0.119,0
velocidad_angular_fisica,0,175.559,54813,1,0.00333333333335872,-0.119,0
x_carro_fisica,0,175.559,54813,1,0.00333333333335872,-0.119,0
x_l,0,175.559,54813,1,0.00333333333335872,-0.119,0
x_t,0,175.559,54813,1,0.00333333333335872,-0.119,0
x_t_real,0,175.559,54813,1,0.00333333333335872,-0.119,0
x_td,0,175.559,54813,1,0.00333333333335872,-0.119,0
y_carga_fisica,0,175.559,54813,1,0.00333333333335872,-0.119,0
y_l,0,175.559,54813,1,0.00333333333335872,-0.119,0
yc_xl,0,175.559,54813,1,0.00333333333335872,-0.119,0
